LOCATION,INDICATOR,SUBJECT,MEASURE,FREQUENCY,Year,Value,Country
AUS,CPI,TOT,AGRWTH,A,1956,5.68,Australia
AUS,CPI,TOT,AGRWTH,A,1957,2.87,Australia
AUS,CPI,TOT,AGRWTH,A,1958,0.7,Australia
AUS,CPI,TOT,AGRWTH,A,1959,2.08,Australia
AUS,CPI,TOT,AGRWTH,A,1960,3.73,Australia
AUS,CPI,TOT,AGRWTH,A,1961,2.29,Australia
AUS,CPI,TOT,AGRWTH,A,1962,-0.32,Australia
AUS,CPI,TOT,AGRWTH,A,1963,0.64,Australia
AUS,CPI,TOT,AGRWTH,A,1964,2.87,Australia
AUS,CPI,TOT,AGRWTH,A,1965,3.41,Australia
AUS,CPI,TOT,AGRWTH,A,1966,3.29,Australia
AUS,CPI,TOT,AGRWTH,A,1967,3.48,Australia
AUS,CPI,TOT,AGRWTH,A,1968,2.52,Australia
AUS,CPI,TOT,AGRWTH,A,1969,3.28,Australia
AUS,CPI,TOT,AGRWTH,A,1970,3.44,Australia
AUS,CPI,TOT,AGRWTH,A,1971,6.14,Australia
AUS,CPI,TOT,AGRWTH,A,1972,6.02,Australia
AUS,CPI,TOT,AGRWTH,A,1973,9.09,Australia
AUS,CPI,TOT,AGRWTH,A,1974,15.42,Australia
AUS,CPI,TOT,AGRWTH,A,1975,15.16,Australia
AUS,CPI,TOT,AGRWTH,A,1976,13.32,Australia
AUS,CPI,TOT,AGRWTH,A,1977,12.31,Australia
AUS,CPI,TOT,AGRWTH,A,1978,8.0,Australia
AUS,CPI,TOT,AGRWTH,A,1979,9.12,Australia
AUS,CPI,TOT,AGRWTH,A,1980,10.14,Australia
AUS,CPI,TOT,AGRWTH,A,1981,9.49,Australia
AUS,CPI,TOT,AGRWTH,A,1982,11.35,Australia
AUS,CPI,TOT,AGRWTH,A,1983,10.04,Australia
AUS,CPI,TOT,AGRWTH,A,1984,3.96,Australia
AUS,CPI,TOT,AGRWTH,A,1985,6.73,Australia
AUS,CPI,TOT,AGRWTH,A,1986,9.05,Australia
AUS,CPI,TOT,AGRWTH,A,1987,8.53,Australia
AUS,CPI,TOT,AGRWTH,A,1988,7.22,Australia
AUS,CPI,TOT,AGRWTH,A,1989,7.53,Australia
AUS,CPI,TOT,AGRWTH,A,1990,7.33,Australia
AUS,CPI,TOT,AGRWTH,A,1991,3.18,Australia
AUS,CPI,TOT,AGRWTH,A,1992,1.01,Australia
AUS,CPI,TOT,AGRWTH,A,1993,1.75,Australia
AUS,CPI,TOT,AGRWTH,A,1994,1.97,Australia
AUS,CPI,TOT,AGRWTH,A,1995,4.63,Australia
AUS,CPI,TOT,AGRWTH,A,1996,2.62,Australia
AUS,CPI,TOT,AGRWTH,A,1997,0.22,Australia
AUS,CPI,TOT,AGRWTH,A,1998,0.86,Australia
AUS,CPI,TOT,AGRWTH,A,1999,1.48,Australia
AUS,CPI,TOT,AGRWTH,A,2000,4.46,Australia
AUS,CPI,TOT,AGRWTH,A,2001,4.41,Australia
AUS,CPI,TOT,AGRWTH,A,2002,2.98,Australia
AUS,CPI,TOT,AGRWTH,A,2003,2.73,Australia
AUS,CPI,TOT,AGRWTH,A,2004,2.34,Australia
AUS,CPI,TOT,AGRWTH,A,2005,2.69,Australia
AUS,CPI,TOT,AGRWTH,A,2006,3.56,Australia
AUS,CPI,TOT,AGRWTH,A,2007,2.33,Australia
AUS,CPI,TOT,AGRWTH,A,2008,4.35,Australia
AUS,CPI,TOT,AGRWTH,A,2009,1.77,Australia
AUS,CPI,TOT,AGRWTH,A,2010,2.92,Australia
AUS,CPI,TOT,AGRWTH,A,2011,3.3,Australia
AUS,CPI,TOT,AGRWTH,A,2012,1.76,Australia
AUS,CPI,TOT,AGRWTH,A,2013,2.45,Australia
AUS,CPI,TOT,AGRWTH,A,2014,2.49,Australia
AUS,CPI,TOT,AGRWTH,A,2015,1.51,Australia
AUS,CPI,TOT,AGRWTH,A,2016,1.28,Australia
AUS,CPI,TOT,AGRWTH,A,2017,1.95,Australia
AUS,CPI,TOT,AGRWTH,A,2018,1.91,Australia
AUS,CPI,TOT,AGRWTH,A,2019,1.61,Australia
AUS,CPI,TOT,AGRWTH,A,2020,0.85,Australia
AUS,CPI,TOT,AGRWTH,A,2021,2.86,Australia
AUT,CPI,TOT,AGRWTH,A,1959,1.08,Austria
AUT,CPI,TOT,AGRWTH,A,1960,1.95,Austria
AUT,CPI,TOT,AGRWTH,A,1961,3.54,Austria
AUT,CPI,TOT,AGRWTH,A,1962,4.38,Austria
AUT,CPI,TOT,AGRWTH,A,1963,2.71,Austria
AUT,CPI,TOT,AGRWTH,A,1964,3.87,Austria
AUT,CPI,TOT,AGRWTH,A,1965,4.93,Austria
AUT,CPI,TOT,AGRWTH,A,1966,2.05,Austria
AUT,CPI,TOT,AGRWTH,A,1967,3.97,Austria
AUT,CPI,TOT,AGRWTH,A,1968,2.76,Austria
AUT,CPI,TOT,AGRWTH,A,1969,3.08,Austria
AUT,CPI,TOT,AGRWTH,A,1970,4.37,Austria
AUT,CPI,TOT,AGRWTH,A,1971,4.7,Austria
AUT,CPI,TOT,AGRWTH,A,1972,6.36,Austria
AUT,CPI,TOT,AGRWTH,A,1973,7.53,Austria
AUT,CPI,TOT,AGRWTH,A,1974,9.52,Austria
AUT,CPI,TOT,AGRWTH,A,1975,8.45,Austria
AUT,CPI,TOT,AGRWTH,A,1976,7.32,Austria
AUT,CPI,TOT,AGRWTH,A,1977,5.49,Austria
AUT,CPI,TOT,AGRWTH,A,1978,3.57,Austria
AUT,CPI,TOT,AGRWTH,A,1979,3.71,Austria
AUT,CPI,TOT,AGRWTH,A,1980,6.33,Austria
AUT,CPI,TOT,AGRWTH,A,1981,6.8,Austria
AUT,CPI,TOT,AGRWTH,A,1982,5.44,Austria
AUT,CPI,TOT,AGRWTH,A,1983,3.34,Austria
AUT,CPI,TOT,AGRWTH,A,1984,5.66,Austria
AUT,CPI,TOT,AGRWTH,A,1985,3.19,Austria
AUT,CPI,TOT,AGRWTH,A,1986,1.71,Austria
AUT,CPI,TOT,AGRWTH,A,1987,1.4,Austria
AUT,CPI,TOT,AGRWTH,A,1988,1.92,Austria
AUT,CPI,TOT,AGRWTH,A,1989,2.57,Austria
AUT,CPI,TOT,AGRWTH,A,1990,3.26,Austria
AUT,CPI,TOT,AGRWTH,A,1991,3.34,Austria
AUT,CPI,TOT,AGRWTH,A,1992,4.02,Austria
AUT,CPI,TOT,AGRWTH,A,1993,3.63,Austria
AUT,CPI,TOT,AGRWTH,A,1994,2.95,Austria
AUT,CPI,TOT,AGRWTH,A,1995,2.24,Austria
AUT,CPI,TOT,AGRWTH,A,1996,1.86,Austria
AUT,CPI,TOT,AGRWTH,A,1997,1.31,Austria
AUT,CPI,TOT,AGRWTH,A,1998,0.92,Austria
AUT,CPI,TOT,AGRWTH,A,1999,0.57,Austria
AUT,CPI,TOT,AGRWTH,A,2000,2.34,Austria
AUT,CPI,TOT,AGRWTH,A,2001,2.65,Austria
AUT,CPI,TOT,AGRWTH,A,2002,1.81,Austria
AUT,CPI,TOT,AGRWTH,A,2003,1.36,Austria
AUT,CPI,TOT,AGRWTH,A,2004,2.06,Austria
AUT,CPI,TOT,AGRWTH,A,2005,2.3,Austria
AUT,CPI,TOT,AGRWTH,A,2006,1.44,Austria
AUT,CPI,TOT,AGRWTH,A,2007,2.17,Austria
AUT,CPI,TOT,AGRWTH,A,2008,3.22,Austria
AUT,CPI,TOT,AGRWTH,A,2009,0.51,Austria
AUT,CPI,TOT,AGRWTH,A,2010,1.81,Austria
AUT,CPI,TOT,AGRWTH,A,2011,3.29,Austria
AUT,CPI,TOT,AGRWTH,A,2012,2.49,Austria
AUT,CPI,TOT,AGRWTH,A,2013,2.0,Austria
AUT,CPI,TOT,AGRWTH,A,2014,1.61,Austria
AUT,CPI,TOT,AGRWTH,A,2015,0.9,Austria
AUT,CPI,TOT,AGRWTH,A,2016,0.89,Austria
AUT,CPI,TOT,AGRWTH,A,2017,2.08,Austria
AUT,CPI,TOT,AGRWTH,A,2018,2.0,Austria
AUT,CPI,TOT,AGRWTH,A,2019,1.53,Austria
AUT,CPI,TOT,AGRWTH,A,2020,1.38,Austria
AUT,CPI,TOT,AGRWTH,A,2021,2.77,Austria
BEL,CPI,TOT,AGRWTH,A,1956,2.82,Belgium
BEL,CPI,TOT,AGRWTH,A,1957,3.17,Belgium
BEL,CPI,TOT,AGRWTH,A,1958,1.29,Belgium
BEL,CPI,TOT,AGRWTH,A,1959,1.23,Belgium
BEL,CPI,TOT,AGRWTH,A,1960,0.3,Belgium
BEL,CPI,TOT,AGRWTH,A,1961,0.99,Belgium
BEL,CPI,TOT,AGRWTH,A,1962,1.4,Belgium
BEL,CPI,TOT,AGRWTH,A,1963,2.15,Belgium
BEL,CPI,TOT,AGRWTH,A,1964,4.17,Belgium
BEL,CPI,TOT,AGRWTH,A,1965,4.07,Belgium
BEL,CPI,TOT,AGRWTH,A,1966,4.17,Belgium
BEL,CPI,TOT,AGRWTH,A,1967,2.73,Belgium
BEL,CPI,TOT,AGRWTH,A,1968,2.7,Belgium
BEL,CPI,TOT,AGRWTH,A,1969,3.75,Belgium
BEL,CPI,TOT,AGRWTH,A,1970,3.91,Belgium
BEL,CPI,TOT,AGRWTH,A,1971,4.34,Belgium
BEL,CPI,TOT,AGRWTH,A,1972,5.45,Belgium
BEL,CPI,TOT,AGRWTH,A,1973,6.96,Belgium
BEL,CPI,TOT,AGRWTH,A,1974,12.68,Belgium
BEL,CPI,TOT,AGRWTH,A,1975,12.77,Belgium
BEL,CPI,TOT,AGRWTH,A,1976,9.07,Belgium
BEL,CPI,TOT,AGRWTH,A,1977,7.1,Belgium
BEL,CPI,TOT,AGRWTH,A,1978,4.47,Belgium
BEL,CPI,TOT,AGRWTH,A,1979,4.47,Belgium
BEL,CPI,TOT,AGRWTH,A,1980,6.65,Belgium
BEL,CPI,TOT,AGRWTH,A,1981,7.63,Belgium
BEL,CPI,TOT,AGRWTH,A,1982,8.73,Belgium
BEL,CPI,TOT,AGRWTH,A,1983,7.66,Belgium
BEL,CPI,TOT,AGRWTH,A,1984,6.34,Belgium
BEL,CPI,TOT,AGRWTH,A,1985,4.87,Belgium
BEL,CPI,TOT,AGRWTH,A,1986,1.29,Belgium
BEL,CPI,TOT,AGRWTH,A,1987,1.55,Belgium
BEL,CPI,TOT,AGRWTH,A,1988,1.16,Belgium
BEL,CPI,TOT,AGRWTH,A,1989,3.11,Belgium
BEL,CPI,TOT,AGRWTH,A,1990,3.45,Belgium
BEL,CPI,TOT,AGRWTH,A,1991,3.22,Belgium
BEL,CPI,TOT,AGRWTH,A,1992,2.43,Belgium
BEL,CPI,TOT,AGRWTH,A,1993,2.75,Belgium
BEL,CPI,TOT,AGRWTH,A,1994,2.38,Belgium
BEL,CPI,TOT,AGRWTH,A,1995,1.47,Belgium
BEL,CPI,TOT,AGRWTH,A,1996,2.08,Belgium
BEL,CPI,TOT,AGRWTH,A,1997,1.63,Belgium
BEL,CPI,TOT,AGRWTH,A,1998,0.95,Belgium
BEL,CPI,TOT,AGRWTH,A,1999,1.12,Belgium
BEL,CPI,TOT,AGRWTH,A,2000,2.54,Belgium
BEL,CPI,TOT,AGRWTH,A,2001,2.47,Belgium
BEL,CPI,TOT,AGRWTH,A,2002,1.65,Belgium
BEL,CPI,TOT,AGRWTH,A,2003,1.59,Belgium
BEL,CPI,TOT,AGRWTH,A,2004,2.1,Belgium
BEL,CPI,TOT,AGRWTH,A,2005,2.78,Belgium
BEL,CPI,TOT,AGRWTH,A,2006,1.79,Belgium
BEL,CPI,TOT,AGRWTH,A,2007,1.82,Belgium
BEL,CPI,TOT,AGRWTH,A,2008,4.49,Belgium
BEL,CPI,TOT,AGRWTH,A,2009,-0.05,Belgium
BEL,CPI,TOT,AGRWTH,A,2010,2.19,Belgium
BEL,CPI,TOT,AGRWTH,A,2011,3.53,Belgium
BEL,CPI,TOT,AGRWTH,A,2012,2.84,Belgium
BEL,CPI,TOT,AGRWTH,A,2013,1.11,Belgium
BEL,CPI,TOT,AGRWTH,A,2014,0.34,Belgium
BEL,CPI,TOT,AGRWTH,A,2015,0.56,Belgium
BEL,CPI,TOT,AGRWTH,A,2016,1.97,Belgium
BEL,CPI,TOT,AGRWTH,A,2017,2.13,Belgium
BEL,CPI,TOT,AGRWTH,A,2018,2.05,Belgium
BEL,CPI,TOT,AGRWTH,A,2019,1.44,Belgium
BEL,CPI,TOT,AGRWTH,A,2020,0.74,Belgium
BEL,CPI,TOT,AGRWTH,A,2021,2.44,Belgium
CAN,CPI,TOT,AGRWTH,A,1956,1.36,Canada
CAN,CPI,TOT,AGRWTH,A,1957,3.32,Canada
CAN,CPI,TOT,AGRWTH,A,1958,2.36,Canada
CAN,CPI,TOT,AGRWTH,A,1959,1.21,Canada
CAN,CPI,TOT,AGRWTH,A,1960,1.36,Canada
CAN,CPI,TOT,AGRWTH,A,1961,1.02,Canada
CAN,CPI,TOT,AGRWTH,A,1962,1.06,Canada
CAN,CPI,TOT,AGRWTH,A,1963,1.63,Canada
CAN,CPI,TOT,AGRWTH,A,1964,1.91,Canada
CAN,CPI,TOT,AGRWTH,A,1965,2.33,Canada
CAN,CPI,TOT,AGRWTH,A,1966,3.82,Canada
CAN,CPI,TOT,AGRWTH,A,1967,3.58,Canada
CAN,CPI,TOT,AGRWTH,A,1968,4.06,Canada
CAN,CPI,TOT,AGRWTH,A,1969,4.56,Canada
CAN,CPI,TOT,AGRWTH,A,1970,3.35,Canada
CAN,CPI,TOT,AGRWTH,A,1971,2.7,Canada
CAN,CPI,TOT,AGRWTH,A,1972,4.99,Canada
CAN,CPI,TOT,AGRWTH,A,1973,7.49,Canada
CAN,CPI,TOT,AGRWTH,A,1974,11.0,Canada
CAN,CPI,TOT,AGRWTH,A,1975,10.67,Canada
CAN,CPI,TOT,AGRWTH,A,1976,7.54,Canada
CAN,CPI,TOT,AGRWTH,A,1977,7.98,Canada
CAN,CPI,TOT,AGRWTH,A,1978,8.97,Canada
CAN,CPI,TOT,AGRWTH,A,1979,9.14,Canada
CAN,CPI,TOT,AGRWTH,A,1980,10.13,Canada
CAN,CPI,TOT,AGRWTH,A,1981,12.47,Canada
CAN,CPI,TOT,AGRWTH,A,1982,10.77,Canada
CAN,CPI,TOT,AGRWTH,A,1983,5.86,Canada
CAN,CPI,TOT,AGRWTH,A,1984,4.3,Canada
CAN,CPI,TOT,AGRWTH,A,1985,3.96,Canada
CAN,CPI,TOT,AGRWTH,A,1986,4.19,Canada
CAN,CPI,TOT,AGRWTH,A,1987,4.36,Canada
CAN,CPI,TOT,AGRWTH,A,1988,4.03,Canada
CAN,CPI,TOT,AGRWTH,A,1989,4.98,Canada
CAN,CPI,TOT,AGRWTH,A,1990,4.78,Canada
CAN,CPI,TOT,AGRWTH,A,1991,5.63,Canada
CAN,CPI,TOT,AGRWTH,A,1992,1.49,Canada
CAN,CPI,TOT,AGRWTH,A,1993,1.87,Canada
CAN,CPI,TOT,AGRWTH,A,1994,0.17,Canada
CAN,CPI,TOT,AGRWTH,A,1995,2.15,Canada
CAN,CPI,TOT,AGRWTH,A,1996,1.57,Canada
CAN,CPI,TOT,AGRWTH,A,1997,1.62,Canada
CAN,CPI,TOT,AGRWTH,A,1998,1.0,Canada
CAN,CPI,TOT,AGRWTH,A,1999,1.73,Canada
CAN,CPI,TOT,AGRWTH,A,2000,2.72,Canada
CAN,CPI,TOT,AGRWTH,A,2001,2.53,Canada
CAN,CPI,TOT,AGRWTH,A,2002,2.26,Canada
CAN,CPI,TOT,AGRWTH,A,2003,2.76,Canada
CAN,CPI,TOT,AGRWTH,A,2004,1.86,Canada
CAN,CPI,TOT,AGRWTH,A,2005,2.21,Canada
CAN,CPI,TOT,AGRWTH,A,2006,2.0,Canada
CAN,CPI,TOT,AGRWTH,A,2007,2.14,Canada
CAN,CPI,TOT,AGRWTH,A,2008,2.37,Canada
CAN,CPI,TOT,AGRWTH,A,2009,0.3,Canada
CAN,CPI,TOT,AGRWTH,A,2010,1.78,Canada
CAN,CPI,TOT,AGRWTH,A,2011,2.91,Canada
CAN,CPI,TOT,AGRWTH,A,2012,1.52,Canada
CAN,CPI,TOT,AGRWTH,A,2013,0.94,Canada
CAN,CPI,TOT,AGRWTH,A,2014,1.91,Canada
CAN,CPI,TOT,AGRWTH,A,2015,1.13,Canada
CAN,CPI,TOT,AGRWTH,A,2016,1.43,Canada
CAN,CPI,TOT,AGRWTH,A,2017,1.6,Canada
CAN,CPI,TOT,AGRWTH,A,2018,2.27,Canada
CAN,CPI,TOT,AGRWTH,A,2019,1.95,Canada
CAN,CPI,TOT,AGRWTH,A,2020,0.72,Canada
CAN,CPI,TOT,AGRWTH,A,2021,3.4,Canada
CZE,CPI,TOT,AGRWTH,A,1992,11.09,Czech Republic
CZE,CPI,TOT,AGRWTH,A,1993,20.81,Czech Republic
CZE,CPI,TOT,AGRWTH,A,1994,10.04,Czech Republic
CZE,CPI,TOT,AGRWTH,A,1995,8.99,Czech Republic
CZE,CPI,TOT,AGRWTH,A,1996,8.76,Czech Republic
CZE,CPI,TOT,AGRWTH,A,1997,8.6,Czech Republic
CZE,CPI,TOT,AGRWTH,A,1998,10.7,Czech Republic
CZE,CPI,TOT,AGRWTH,A,1999,2.14,Czech Republic
CZE,CPI,TOT,AGRWTH,A,2000,3.78,Czech Republic
CZE,CPI,TOT,AGRWTH,A,2001,4.66,Czech Republic
CZE,CPI,TOT,AGRWTH,A,2002,1.9,Czech Republic
CZE,CPI,TOT,AGRWTH,A,2003,0.12,Czech Republic
CZE,CPI,TOT,AGRWTH,A,2004,2.76,Czech Republic
CZE,CPI,TOT,AGRWTH,A,2005,1.86,Czech Republic
CZE,CPI,TOT,AGRWTH,A,2006,2.53,Czech Republic
CZE,CPI,TOT,AGRWTH,A,2007,2.85,Czech Republic
CZE,CPI,TOT,AGRWTH,A,2008,6.36,Czech Republic
CZE,CPI,TOT,AGRWTH,A,2009,1.02,Czech Republic
CZE,CPI,TOT,AGRWTH,A,2010,1.47,Czech Republic
CZE,CPI,TOT,AGRWTH,A,2011,1.92,Czech Republic
CZE,CPI,TOT,AGRWTH,A,2012,3.29,Czech Republic
CZE,CPI,TOT,AGRWTH,A,2013,1.44,Czech Republic
CZE,CPI,TOT,AGRWTH,A,2014,0.34,Czech Republic
CZE,CPI,TOT,AGRWTH,A,2015,0.31,Czech Republic
CZE,CPI,TOT,AGRWTH,A,2016,0.68,Czech Republic
CZE,CPI,TOT,AGRWTH,A,2017,2.45,Czech Republic
CZE,CPI,TOT,AGRWTH,A,2018,2.15,Czech Republic
CZE,CPI,TOT,AGRWTH,A,2019,2.85,Czech Republic
CZE,CPI,TOT,AGRWTH,A,2020,3.16,Czech Republic
CZE,CPI,TOT,AGRWTH,A,2021,3.84,Czech Republic
DNK,CPI,TOT,AGRWTH,A,1967,7.7,Denmark
DNK,CPI,TOT,AGRWTH,A,1968,8.01,Denmark
DNK,CPI,TOT,AGRWTH,A,1969,3.49,Denmark
DNK,CPI,TOT,AGRWTH,A,1970,6.51,Denmark
DNK,CPI,TOT,AGRWTH,A,1971,5.87,Denmark
DNK,CPI,TOT,AGRWTH,A,1972,6.56,Denmark
DNK,CPI,TOT,AGRWTH,A,1973,9.3,Denmark
DNK,CPI,TOT,AGRWTH,A,1974,15.28,Denmark
DNK,CPI,TOT,AGRWTH,A,1975,9.61,Denmark
DNK,CPI,TOT,AGRWTH,A,1976,9.01,Denmark
DNK,CPI,TOT,AGRWTH,A,1977,10.92,Denmark
DNK,CPI,TOT,AGRWTH,A,1978,10.21,Denmark
DNK,CPI,TOT,AGRWTH,A,1979,9.61,Denmark
DNK,CPI,TOT,AGRWTH,A,1980,12.31,Denmark
DNK,CPI,TOT,AGRWTH,A,1981,11.77,Denmark
DNK,CPI,TOT,AGRWTH,A,1982,10.12,Denmark
DNK,CPI,TOT,AGRWTH,A,1983,6.91,Denmark
DNK,CPI,TOT,AGRWTH,A,1984,6.29,Denmark
DNK,CPI,TOT,AGRWTH,A,1985,4.68,Denmark
DNK,CPI,TOT,AGRWTH,A,1986,3.68,Denmark
DNK,CPI,TOT,AGRWTH,A,1987,4.02,Denmark
DNK,CPI,TOT,AGRWTH,A,1988,4.54,Denmark
DNK,CPI,TOT,AGRWTH,A,1989,4.77,Denmark
DNK,CPI,TOT,AGRWTH,A,1990,2.64,Denmark
DNK,CPI,TOT,AGRWTH,A,1991,2.4,Denmark
DNK,CPI,TOT,AGRWTH,A,1992,2.1,Denmark
DNK,CPI,TOT,AGRWTH,A,1993,1.26,Denmark
DNK,CPI,TOT,AGRWTH,A,1994,1.99,Denmark
DNK,CPI,TOT,AGRWTH,A,1995,2.08,Denmark
DNK,CPI,TOT,AGRWTH,A,1996,2.13,Denmark
DNK,CPI,TOT,AGRWTH,A,1997,2.18,Denmark
DNK,CPI,TOT,AGRWTH,A,1998,1.85,Denmark
DNK,CPI,TOT,AGRWTH,A,1999,2.5,Denmark
DNK,CPI,TOT,AGRWTH,A,2000,2.9,Denmark
DNK,CPI,TOT,AGRWTH,A,2001,2.34,Denmark
DNK,CPI,TOT,AGRWTH,A,2002,2.42,Denmark
DNK,CPI,TOT,AGRWTH,A,2003,2.08,Denmark
DNK,CPI,TOT,AGRWTH,A,2004,1.15,Denmark
DNK,CPI,TOT,AGRWTH,A,2005,1.82,Denmark
DNK,CPI,TOT,AGRWTH,A,2006,1.92,Denmark
DNK,CPI,TOT,AGRWTH,A,2007,1.69,Denmark
DNK,CPI,TOT,AGRWTH,A,2008,3.42,Denmark
DNK,CPI,TOT,AGRWTH,A,2009,1.3,Denmark
DNK,CPI,TOT,AGRWTH,A,2010,2.31,Denmark
DNK,CPI,TOT,AGRWTH,A,2011,2.76,Denmark
DNK,CPI,TOT,AGRWTH,A,2012,2.4,Denmark
DNK,CPI,TOT,AGRWTH,A,2013,0.79,Denmark
DNK,CPI,TOT,AGRWTH,A,2014,0.56,Denmark
DNK,CPI,TOT,AGRWTH,A,2015,0.45,Denmark
DNK,CPI,TOT,AGRWTH,A,2016,0.25,Denmark
DNK,CPI,TOT,AGRWTH,A,2017,1.15,Denmark
DNK,CPI,TOT,AGRWTH,A,2018,0.81,Denmark
DNK,CPI,TOT,AGRWTH,A,2019,0.76,Denmark
DNK,CPI,TOT,AGRWTH,A,2020,0.42,Denmark
DNK,CPI,TOT,AGRWTH,A,2021,1.85,Denmark
FIN,CPI,TOT,AGRWTH,A,1956,11.65,Finland
FIN,CPI,TOT,AGRWTH,A,1957,11.26,Finland
FIN,CPI,TOT,AGRWTH,A,1958,5.82,Finland
FIN,CPI,TOT,AGRWTH,A,1959,1.45,Finland
FIN,CPI,TOT,AGRWTH,A,1960,3.42,Finland
FIN,CPI,TOT,AGRWTH,A,1961,1.69,Finland
FIN,CPI,TOT,AGRWTH,A,1962,4.38,Finland
FIN,CPI,TOT,AGRWTH,A,1963,5.0,Finland
FIN,CPI,TOT,AGRWTH,A,1964,10.28,Finland
FIN,CPI,TOT,AGRWTH,A,1965,4.94,Finland
FIN,CPI,TOT,AGRWTH,A,1966,3.87,Finland
FIN,CPI,TOT,AGRWTH,A,1967,5.38,Finland
FIN,CPI,TOT,AGRWTH,A,1968,9.19,Finland
FIN,CPI,TOT,AGRWTH,A,1969,2.21,Finland
FIN,CPI,TOT,AGRWTH,A,1970,2.74,Finland
FIN,CPI,TOT,AGRWTH,A,1971,6.48,Finland
FIN,CPI,TOT,AGRWTH,A,1972,6.66,Finland
FIN,CPI,TOT,AGRWTH,A,1973,10.75,Finland
FIN,CPI,TOT,AGRWTH,A,1974,16.94,Finland
FIN,CPI,TOT,AGRWTH,A,1975,17.81,Finland
FIN,CPI,TOT,AGRWTH,A,1976,14.34,Finland
FIN,CPI,TOT,AGRWTH,A,1977,11.79,Finland
FIN,CPI,TOT,AGRWTH,A,1978,7.8,Finland
FIN,CPI,TOT,AGRWTH,A,1979,7.47,Finland
FIN,CPI,TOT,AGRWTH,A,1980,11.59,Finland
FIN,CPI,TOT,AGRWTH,A,1981,11.31,Finland
FIN,CPI,TOT,AGRWTH,A,1982,9.58,Finland
FIN,CPI,TOT,AGRWTH,A,1983,8.37,Finland
FIN,CPI,TOT,AGRWTH,A,1984,7.07,Finland
FIN,CPI,TOT,AGRWTH,A,1985,5.2,Finland
FIN,CPI,TOT,AGRWTH,A,1986,2.93,Finland
FIN,CPI,TOT,AGRWTH,A,1987,4.11,Finland
FIN,CPI,TOT,AGRWTH,A,1988,5.09,Finland
FIN,CPI,TOT,AGRWTH,A,1989,6.59,Finland
FIN,CPI,TOT,AGRWTH,A,1990,6.15,Finland
FIN,CPI,TOT,AGRWTH,A,1991,4.31,Finland
FIN,CPI,TOT,AGRWTH,A,1992,2.92,Finland
FIN,CPI,TOT,AGRWTH,A,1993,2.19,Finland
FIN,CPI,TOT,AGRWTH,A,1994,1.09,Finland
FIN,CPI,TOT,AGRWTH,A,1995,0.79,Finland
FIN,CPI,TOT,AGRWTH,A,1996,0.63,Finland
FIN,CPI,TOT,AGRWTH,A,1997,1.19,Finland
FIN,CPI,TOT,AGRWTH,A,1998,1.4,Finland
FIN,CPI,TOT,AGRWTH,A,1999,1.16,Finland
FIN,CPI,TOT,AGRWTH,A,2000,3.04,Finland
FIN,CPI,TOT,AGRWTH,A,2001,2.58,Finland
FIN,CPI,TOT,AGRWTH,A,2002,1.57,Finland
FIN,CPI,TOT,AGRWTH,A,2003,0.88,Finland
FIN,CPI,TOT,AGRWTH,A,2004,0.19,Finland
FIN,CPI,TOT,AGRWTH,A,2005,0.62,Finland
FIN,CPI,TOT,AGRWTH,A,2006,1.57,Finland
FIN,CPI,TOT,AGRWTH,A,2007,2.51,Finland
FIN,CPI,TOT,AGRWTH,A,2008,4.07,Finland
FIN,CPI,TOT,AGRWTH,A,2009,-0.0,Finland
FIN,CPI,TOT,AGRWTH,A,2010,1.18,Finland
FIN,CPI,TOT,AGRWTH,A,2011,3.42,Finland
FIN,CPI,TOT,AGRWTH,A,2012,2.81,Finland
FIN,CPI,TOT,AGRWTH,A,2013,1.48,Finland
FIN,CPI,TOT,AGRWTH,A,2014,1.04,Finland
FIN,CPI,TOT,AGRWTH,A,2015,-0.21,Finland
FIN,CPI,TOT,AGRWTH,A,2016,0.36,Finland
FIN,CPI,TOT,AGRWTH,A,2017,0.75,Finland
FIN,CPI,TOT,AGRWTH,A,2018,1.08,Finland
FIN,CPI,TOT,AGRWTH,A,2019,1.02,Finland
FIN,CPI,TOT,AGRWTH,A,2020,0.29,Finland
FIN,CPI,TOT,AGRWTH,A,2021,2.19,Finland
FRA,CPI,TOT,AGRWTH,A,1956,1.9,France
FRA,CPI,TOT,AGRWTH,A,1957,3.06,France
FRA,CPI,TOT,AGRWTH,A,1958,15.26,France
FRA,CPI,TOT,AGRWTH,A,1959,5.82,France
FRA,CPI,TOT,AGRWTH,A,1960,4.14,France
FRA,CPI,TOT,AGRWTH,A,1961,2.4,France
FRA,CPI,TOT,AGRWTH,A,1962,5.33,France
FRA,CPI,TOT,AGRWTH,A,1963,5.0,France
FRA,CPI,TOT,AGRWTH,A,1964,3.21,France
FRA,CPI,TOT,AGRWTH,A,1965,2.7,France
FRA,CPI,TOT,AGRWTH,A,1966,2.6,France
FRA,CPI,TOT,AGRWTH,A,1967,2.79,France
FRA,CPI,TOT,AGRWTH,A,1968,4.54,France
FRA,CPI,TOT,AGRWTH,A,1969,6.05,France
FRA,CPI,TOT,AGRWTH,A,1970,5.3,France
FRA,CPI,TOT,AGRWTH,A,1971,5.4,France
FRA,CPI,TOT,AGRWTH,A,1972,6.06,France
FRA,CPI,TOT,AGRWTH,A,1973,7.38,France
FRA,CPI,TOT,AGRWTH,A,1974,13.65,France
FRA,CPI,TOT,AGRWTH,A,1975,11.69,France
FRA,CPI,TOT,AGRWTH,A,1976,9.63,France
FRA,CPI,TOT,AGRWTH,A,1977,9.49,France
FRA,CPI,TOT,AGRWTH,A,1978,9.25,France
FRA,CPI,TOT,AGRWTH,A,1979,10.65,France
FRA,CPI,TOT,AGRWTH,A,1980,13.56,France
FRA,CPI,TOT,AGRWTH,A,1981,13.31,France
FRA,CPI,TOT,AGRWTH,A,1982,11.98,France
FRA,CPI,TOT,AGRWTH,A,1983,9.46,France
FRA,CPI,TOT,AGRWTH,A,1984,7.67,France
FRA,CPI,TOT,AGRWTH,A,1985,5.83,France
FRA,CPI,TOT,AGRWTH,A,1986,2.54,France
FRA,CPI,TOT,AGRWTH,A,1987,3.29,France
FRA,CPI,TOT,AGRWTH,A,1988,2.7,France
FRA,CPI,TOT,AGRWTH,A,1989,3.5,France
FRA,CPI,TOT,AGRWTH,A,1990,3.19,France
FRA,CPI,TOT,AGRWTH,A,1991,3.21,France
FRA,CPI,TOT,AGRWTH,A,1992,2.36,France
FRA,CPI,TOT,AGRWTH,A,1993,2.1,France
FRA,CPI,TOT,AGRWTH,A,1994,1.66,France
FRA,CPI,TOT,AGRWTH,A,1995,1.8,France
FRA,CPI,TOT,AGRWTH,A,1996,1.98,France
FRA,CPI,TOT,AGRWTH,A,1997,1.2,France
FRA,CPI,TOT,AGRWTH,A,1998,0.65,France
FRA,CPI,TOT,AGRWTH,A,1999,0.54,France
FRA,CPI,TOT,AGRWTH,A,2000,1.68,France
FRA,CPI,TOT,AGRWTH,A,2001,1.63,France
FRA,CPI,TOT,AGRWTH,A,2002,1.92,France
FRA,CPI,TOT,AGRWTH,A,2003,2.1,France
FRA,CPI,TOT,AGRWTH,A,2004,2.14,France
FRA,CPI,TOT,AGRWTH,A,2005,1.75,France
FRA,CPI,TOT,AGRWTH,A,2006,1.68,France
FRA,CPI,TOT,AGRWTH,A,2007,1.49,France
FRA,CPI,TOT,AGRWTH,A,2008,2.81,France
FRA,CPI,TOT,AGRWTH,A,2009,0.09,France
FRA,CPI,TOT,AGRWTH,A,2010,1.53,France
FRA,CPI,TOT,AGRWTH,A,2011,2.11,France
FRA,CPI,TOT,AGRWTH,A,2012,1.95,France
FRA,CPI,TOT,AGRWTH,A,2013,0.86,France
FRA,CPI,TOT,AGRWTH,A,2014,0.51,France
FRA,CPI,TOT,AGRWTH,A,2015,0.04,France
FRA,CPI,TOT,AGRWTH,A,2016,0.18,France
FRA,CPI,TOT,AGRWTH,A,2017,1.03,France
FRA,CPI,TOT,AGRWTH,A,2018,1.85,France
FRA,CPI,TOT,AGRWTH,A,2019,1.11,France
FRA,CPI,TOT,AGRWTH,A,2020,0.48,France
FRA,CPI,TOT,AGRWTH,A,2021,1.64,France
DEU,CPI,TOT,AGRWTH,A,1956,2.62,Germany
DEU,CPI,TOT,AGRWTH,A,1957,2.1,Germany
DEU,CPI,TOT,AGRWTH,A,1958,2.13,Germany
DEU,CPI,TOT,AGRWTH,A,1959,0.9,Germany
DEU,CPI,TOT,AGRWTH,A,1960,1.54,Germany
DEU,CPI,TOT,AGRWTH,A,1961,2.29,Germany
DEU,CPI,TOT,AGRWTH,A,1962,2.84,Germany
DEU,CPI,TOT,AGRWTH,A,1963,2.97,Germany
DEU,CPI,TOT,AGRWTH,A,1964,2.34,Germany
DEU,CPI,TOT,AGRWTH,A,1965,3.24,Germany
DEU,CPI,TOT,AGRWTH,A,1966,3.53,Germany
DEU,CPI,TOT,AGRWTH,A,1967,1.8,Germany
DEU,CPI,TOT,AGRWTH,A,1968,1.47,Germany
DEU,CPI,TOT,AGRWTH,A,1969,1.91,Germany
DEU,CPI,TOT,AGRWTH,A,1970,3.45,Germany
DEU,CPI,TOT,AGRWTH,A,1971,5.24,Germany
DEU,CPI,TOT,AGRWTH,A,1972,5.48,Germany
DEU,CPI,TOT,AGRWTH,A,1973,7.03,Germany
DEU,CPI,TOT,AGRWTH,A,1974,6.99,Germany
DEU,CPI,TOT,AGRWTH,A,1975,5.91,Germany
DEU,CPI,TOT,AGRWTH,A,1976,4.25,Germany
DEU,CPI,TOT,AGRWTH,A,1977,3.73,Germany
DEU,CPI,TOT,AGRWTH,A,1978,2.72,Germany
DEU,CPI,TOT,AGRWTH,A,1979,4.04,Germany
DEU,CPI,TOT,AGRWTH,A,1980,5.44,Germany
DEU,CPI,TOT,AGRWTH,A,1981,6.34,Germany
DEU,CPI,TOT,AGRWTH,A,1982,5.24,Germany
DEU,CPI,TOT,AGRWTH,A,1983,3.29,Germany
DEU,CPI,TOT,AGRWTH,A,1984,2.41,Germany
DEU,CPI,TOT,AGRWTH,A,1985,2.07,Germany
DEU,CPI,TOT,AGRWTH,A,1986,-0.13,Germany
DEU,CPI,TOT,AGRWTH,A,1987,0.25,Germany
DEU,CPI,TOT,AGRWTH,A,1988,1.27,Germany
DEU,CPI,TOT,AGRWTH,A,1989,2.78,Germany
DEU,CPI,TOT,AGRWTH,A,1990,2.7,Germany
DEU,CPI,TOT,AGRWTH,A,1991,4.05,Germany
DEU,CPI,TOT,AGRWTH,A,1992,5.06,Germany
DEU,CPI,TOT,AGRWTH,A,1993,4.47,Germany
DEU,CPI,TOT,AGRWTH,A,1994,2.69,Germany
DEU,CPI,TOT,AGRWTH,A,1995,1.71,Germany
DEU,CPI,TOT,AGRWTH,A,1996,1.45,Germany
DEU,CPI,TOT,AGRWTH,A,1997,1.94,Germany
DEU,CPI,TOT,AGRWTH,A,1998,0.91,Germany
DEU,CPI,TOT,AGRWTH,A,1999,0.59,Germany
DEU,CPI,TOT,AGRWTH,A,2000,1.44,Germany
DEU,CPI,TOT,AGRWTH,A,2001,1.98,Germany
DEU,CPI,TOT,AGRWTH,A,2002,1.42,Germany
DEU,CPI,TOT,AGRWTH,A,2003,1.03,Germany
DEU,CPI,TOT,AGRWTH,A,2004,1.67,Germany
DEU,CPI,TOT,AGRWTH,A,2005,1.55,Germany
DEU,CPI,TOT,AGRWTH,A,2006,1.58,Germany
DEU,CPI,TOT,AGRWTH,A,2007,2.3,Germany
DEU,CPI,TOT,AGRWTH,A,2008,2.63,Germany
DEU,CPI,TOT,AGRWTH,A,2009,0.31,Germany
DEU,CPI,TOT,AGRWTH,A,2010,1.1,Germany
DEU,CPI,TOT,AGRWTH,A,2011,2.08,Germany
DEU,CPI,TOT,AGRWTH,A,2012,2.01,Germany
DEU,CPI,TOT,AGRWTH,A,2013,1.5,Germany
DEU,CPI,TOT,AGRWTH,A,2014,0.91,Germany
DEU,CPI,TOT,AGRWTH,A,2015,0.51,Germany
DEU,CPI,TOT,AGRWTH,A,2016,0.49,Germany
DEU,CPI,TOT,AGRWTH,A,2017,1.51,Germany
DEU,CPI,TOT,AGRWTH,A,2018,1.73,Germany
DEU,CPI,TOT,AGRWTH,A,2019,1.45,Germany
DEU,CPI,TOT,AGRWTH,A,2020,0.51,Germany
DEU,CPI,TOT,AGRWTH,A,2021,3.14,Germany
GRC,CPI,TOT,AGRWTH,A,1956,3.63,Greece
GRC,CPI,TOT,AGRWTH,A,1957,2.27,Greece
GRC,CPI,TOT,AGRWTH,A,1958,1.39,Greece
GRC,CPI,TOT,AGRWTH,A,1959,2.61,Greece
GRC,CPI,TOT,AGRWTH,A,1960,1.48,Greece
GRC,CPI,TOT,AGRWTH,A,1961,2.1,Greece
GRC,CPI,TOT,AGRWTH,A,1962,-0.48,Greece
GRC,CPI,TOT,AGRWTH,A,1963,3.18,Greece
GRC,CPI,TOT,AGRWTH,A,1964,0.62,Greece
GRC,CPI,TOT,AGRWTH,A,1965,3.22,Greece
GRC,CPI,TOT,AGRWTH,A,1966,4.9,Greece
GRC,CPI,TOT,AGRWTH,A,1967,1.84,Greece
GRC,CPI,TOT,AGRWTH,A,1968,0.14,Greece
GRC,CPI,TOT,AGRWTH,A,1969,2.64,Greece
GRC,CPI,TOT,AGRWTH,A,1970,2.84,Greece
GRC,CPI,TOT,AGRWTH,A,1971,3.29,Greece
GRC,CPI,TOT,AGRWTH,A,1972,4.33,Greece
GRC,CPI,TOT,AGRWTH,A,1973,15.38,Greece
GRC,CPI,TOT,AGRWTH,A,1974,26.56,Greece
GRC,CPI,TOT,AGRWTH,A,1975,13.63,Greece
GRC,CPI,TOT,AGRWTH,A,1976,13.02,Greece
GRC,CPI,TOT,AGRWTH,A,1977,12.37,Greece
GRC,CPI,TOT,AGRWTH,A,1978,12.57,Greece
GRC,CPI,TOT,AGRWTH,A,1979,19.09,Greece
GRC,CPI,TOT,AGRWTH,A,1980,24.68,Greece
GRC,CPI,TOT,AGRWTH,A,1981,24.51,Greece
GRC,CPI,TOT,AGRWTH,A,1982,20.99,Greece
GRC,CPI,TOT,AGRWTH,A,1983,20.18,Greece
GRC,CPI,TOT,AGRWTH,A,1984,18.46,Greece
GRC,CPI,TOT,AGRWTH,A,1985,19.31,Greece
GRC,CPI,TOT,AGRWTH,A,1986,23.02,Greece
GRC,CPI,TOT,AGRWTH,A,1987,16.4,Greece
GRC,CPI,TOT,AGRWTH,A,1988,13.53,Greece
GRC,CPI,TOT,AGRWTH,A,1989,13.66,Greece
GRC,CPI,TOT,AGRWTH,A,1990,20.43,Greece
GRC,CPI,TOT,AGRWTH,A,1991,19.46,Greece
GRC,CPI,TOT,AGRWTH,A,1992,15.88,Greece
GRC,CPI,TOT,AGRWTH,A,1993,14.41,Greece
GRC,CPI,TOT,AGRWTH,A,1994,10.87,Greece
GRC,CPI,TOT,AGRWTH,A,1995,8.93,Greece
GRC,CPI,TOT,AGRWTH,A,1996,8.19,Greece
GRC,CPI,TOT,AGRWTH,A,1997,5.54,Greece
GRC,CPI,TOT,AGRWTH,A,1998,4.77,Greece
GRC,CPI,TOT,AGRWTH,A,1999,2.64,Greece
GRC,CPI,TOT,AGRWTH,A,2000,3.15,Greece
GRC,CPI,TOT,AGRWTH,A,2001,3.37,Greece
GRC,CPI,TOT,AGRWTH,A,2002,3.63,Greece
GRC,CPI,TOT,AGRWTH,A,2003,3.53,Greece
GRC,CPI,TOT,AGRWTH,A,2004,2.9,Greece
GRC,CPI,TOT,AGRWTH,A,2005,3.55,Greece
GRC,CPI,TOT,AGRWTH,A,2006,3.2,Greece
GRC,CPI,TOT,AGRWTH,A,2007,2.9,Greece
GRC,CPI,TOT,AGRWTH,A,2008,4.15,Greece
GRC,CPI,TOT,AGRWTH,A,2009,1.21,Greece
GRC,CPI,TOT,AGRWTH,A,2010,4.71,Greece
GRC,CPI,TOT,AGRWTH,A,2011,3.33,Greece
GRC,CPI,TOT,AGRWTH,A,2012,1.5,Greece
GRC,CPI,TOT,AGRWTH,A,2013,-0.92,Greece
GRC,CPI,TOT,AGRWTH,A,2014,-1.31,Greece
GRC,CPI,TOT,AGRWTH,A,2015,-1.74,Greece
GRC,CPI,TOT,AGRWTH,A,2016,-0.83,Greece
GRC,CPI,TOT,AGRWTH,A,2017,1.12,Greece
GRC,CPI,TOT,AGRWTH,A,2018,0.63,Greece
GRC,CPI,TOT,AGRWTH,A,2019,0.25,Greece
GRC,CPI,TOT,AGRWTH,A,2020,-1.25,Greece
GRC,CPI,TOT,AGRWTH,A,2021,1.22,Greece
HUN,CPI,TOT,AGRWTH,A,1981,4.66,Hungary
HUN,CPI,TOT,AGRWTH,A,1982,6.84,Hungary
HUN,CPI,TOT,AGRWTH,A,1983,7.28,Hungary
HUN,CPI,TOT,AGRWTH,A,1984,8.47,Hungary
HUN,CPI,TOT,AGRWTH,A,1985,6.94,Hungary
HUN,CPI,TOT,AGRWTH,A,1986,5.29,Hungary
HUN,CPI,TOT,AGRWTH,A,1987,8.67,Hungary
HUN,CPI,TOT,AGRWTH,A,1988,15.72,Hungary
HUN,CPI,TOT,AGRWTH,A,1989,17.15,Hungary
HUN,CPI,TOT,AGRWTH,A,1990,28.37,Hungary
HUN,CPI,TOT,AGRWTH,A,1991,34.82,Hungary
HUN,CPI,TOT,AGRWTH,A,1992,23.66,Hungary
HUN,CPI,TOT,AGRWTH,A,1993,22.46,Hungary
HUN,CPI,TOT,AGRWTH,A,1994,18.87,Hungary
HUN,CPI,TOT,AGRWTH,A,1995,28.31,Hungary
HUN,CPI,TOT,AGRWTH,A,1996,23.47,Hungary
HUN,CPI,TOT,AGRWTH,A,1997,18.31,Hungary
HUN,CPI,TOT,AGRWTH,A,1998,14.15,Hungary
HUN,CPI,TOT,AGRWTH,A,1999,10.0,Hungary
HUN,CPI,TOT,AGRWTH,A,2000,9.8,Hungary
HUN,CPI,TOT,AGRWTH,A,2001,9.12,Hungary
HUN,CPI,TOT,AGRWTH,A,2002,5.27,Hungary
HUN,CPI,TOT,AGRWTH,A,2003,4.66,Hungary
HUN,CPI,TOT,AGRWTH,A,2004,6.74,Hungary
HUN,CPI,TOT,AGRWTH,A,2005,3.56,Hungary
HUN,CPI,TOT,AGRWTH,A,2006,3.93,Hungary
HUN,CPI,TOT,AGRWTH,A,2007,7.96,Hungary
HUN,CPI,TOT,AGRWTH,A,2008,6.04,Hungary
HUN,CPI,TOT,AGRWTH,A,2009,4.21,Hungary
HUN,CPI,TOT,AGRWTH,A,2010,4.86,Hungary
HUN,CPI,TOT,AGRWTH,A,2011,3.93,Hungary
HUN,CPI,TOT,AGRWTH,A,2012,5.65,Hungary
HUN,CPI,TOT,AGRWTH,A,2013,1.73,Hungary
HUN,CPI,TOT,AGRWTH,A,2014,-0.23,Hungary
HUN,CPI,TOT,AGRWTH,A,2015,-0.06,Hungary
HUN,CPI,TOT,AGRWTH,A,2016,0.39,Hungary
HUN,CPI,TOT,AGRWTH,A,2017,2.35,Hungary
HUN,CPI,TOT,AGRWTH,A,2018,2.85,Hungary
HUN,CPI,TOT,AGRWTH,A,2019,3.34,Hungary
HUN,CPI,TOT,AGRWTH,A,2020,3.33,Hungary
HUN,CPI,TOT,AGRWTH,A,2021,5.11,Hungary
ISL,CPI,TOT,AGRWTH,A,1956,10.06,Iceland
ISL,CPI,TOT,AGRWTH,A,1957,4.25,Iceland
ISL,CPI,TOT,AGRWTH,A,1958,5.85,Iceland
ISL,CPI,TOT,AGRWTH,A,1959,1.0,Iceland
ISL,CPI,TOT,AGRWTH,A,1960,1.99,Iceland
ISL,CPI,TOT,AGRWTH,A,1961,4.71,Iceland
ISL,CPI,TOT,AGRWTH,A,1962,11.02,Iceland
ISL,CPI,TOT,AGRWTH,A,1963,12.93,Iceland
ISL,CPI,TOT,AGRWTH,A,1964,19.25,Iceland
ISL,CPI,TOT,AGRWTH,A,1965,7.32,Iceland
ISL,CPI,TOT,AGRWTH,A,1966,10.69,Iceland
ISL,CPI,TOT,AGRWTH,A,1967,3.32,Iceland
ISL,CPI,TOT,AGRWTH,A,1968,15.23,Iceland
ISL,CPI,TOT,AGRWTH,A,1969,21.76,Iceland
ISL,CPI,TOT,AGRWTH,A,1970,13.37,Iceland
ISL,CPI,TOT,AGRWTH,A,1971,6.73,Iceland
ISL,CPI,TOT,AGRWTH,A,1972,9.81,Iceland
ISL,CPI,TOT,AGRWTH,A,1973,21.35,Iceland
ISL,CPI,TOT,AGRWTH,A,1974,42.52,Iceland
ISL,CPI,TOT,AGRWTH,A,1975,49.36,Iceland
ISL,CPI,TOT,AGRWTH,A,1976,32.04,Iceland
ISL,CPI,TOT,AGRWTH,A,1977,30.32,Iceland
ISL,CPI,TOT,AGRWTH,A,1978,43.75,Iceland
ISL,CPI,TOT,AGRWTH,A,1979,44.44,Iceland
ISL,CPI,TOT,AGRWTH,A,1980,58.53,Iceland
ISL,CPI,TOT,AGRWTH,A,1981,51.79,Iceland
ISL,CPI,TOT,AGRWTH,A,1982,50.24,Iceland
ISL,CPI,TOT,AGRWTH,A,1983,83.95,Iceland
ISL,CPI,TOT,AGRWTH,A,1984,30.85,Iceland
ISL,CPI,TOT,AGRWTH,A,1985,31.99,Iceland
ISL,CPI,TOT,AGRWTH,A,1986,22.13,Iceland
ISL,CPI,TOT,AGRWTH,A,1987,18.3,Iceland
ISL,CPI,TOT,AGRWTH,A,1988,25.73,Iceland
ISL,CPI,TOT,AGRWTH,A,1989,20.76,Iceland
ISL,CPI,TOT,AGRWTH,A,1990,15.51,Iceland
ISL,CPI,TOT,AGRWTH,A,1991,6.81,Iceland
ISL,CPI,TOT,AGRWTH,A,1992,3.95,Iceland
ISL,CPI,TOT,AGRWTH,A,1993,4.04,Iceland
ISL,CPI,TOT,AGRWTH,A,1994,1.55,Iceland
ISL,CPI,TOT,AGRWTH,A,1995,1.65,Iceland
ISL,CPI,TOT,AGRWTH,A,1996,2.26,Iceland
ISL,CPI,TOT,AGRWTH,A,1997,1.82,Iceland
ISL,CPI,TOT,AGRWTH,A,1998,1.66,Iceland
ISL,CPI,TOT,AGRWTH,A,1999,3.23,Iceland
ISL,CPI,TOT,AGRWTH,A,2000,5.14,Iceland
ISL,CPI,TOT,AGRWTH,A,2001,6.41,Iceland
ISL,CPI,TOT,AGRWTH,A,2002,5.2,Iceland
ISL,CPI,TOT,AGRWTH,A,2003,2.06,Iceland
ISL,CPI,TOT,AGRWTH,A,2004,3.16,Iceland
ISL,CPI,TOT,AGRWTH,A,2005,3.99,Iceland
ISL,CPI,TOT,AGRWTH,A,2006,6.69,Iceland
ISL,CPI,TOT,AGRWTH,A,2007,5.05,Iceland
ISL,CPI,TOT,AGRWTH,A,2008,12.69,Iceland
ISL,CPI,TOT,AGRWTH,A,2009,12.0,Iceland
ISL,CPI,TOT,AGRWTH,A,2010,5.4,Iceland
ISL,CPI,TOT,AGRWTH,A,2011,4.0,Iceland
ISL,CPI,TOT,AGRWTH,A,2012,5.19,Iceland
ISL,CPI,TOT,AGRWTH,A,2013,3.87,Iceland
ISL,CPI,TOT,AGRWTH,A,2014,2.04,Iceland
ISL,CPI,TOT,AGRWTH,A,2015,1.63,Iceland
ISL,CPI,TOT,AGRWTH,A,2016,1.7,Iceland
ISL,CPI,TOT,AGRWTH,A,2017,1.76,Iceland
ISL,CPI,TOT,AGRWTH,A,2018,2.68,Iceland
ISL,CPI,TOT,AGRWTH,A,2019,3.01,Iceland
ISL,CPI,TOT,AGRWTH,A,2020,2.85,Iceland
ISL,CPI,TOT,AGRWTH,A,2021,4.44,Iceland
IRL,CPI,TOT,AGRWTH,A,1976,17.91,Ireland
IRL,CPI,TOT,AGRWTH,A,1977,13.47,Ireland
IRL,CPI,TOT,AGRWTH,A,1978,7.71,Ireland
IRL,CPI,TOT,AGRWTH,A,1979,13.3,Ireland
IRL,CPI,TOT,AGRWTH,A,1980,18.15,Ireland
IRL,CPI,TOT,AGRWTH,A,1981,20.37,Ireland
IRL,CPI,TOT,AGRWTH,A,1982,17.15,Ireland
IRL,CPI,TOT,AGRWTH,A,1983,10.45,Ireland
IRL,CPI,TOT,AGRWTH,A,1984,8.65,Ireland
IRL,CPI,TOT,AGRWTH,A,1985,5.4,Ireland
IRL,CPI,TOT,AGRWTH,A,1986,3.83,Ireland
IRL,CPI,TOT,AGRWTH,A,1987,3.16,Ireland
IRL,CPI,TOT,AGRWTH,A,1988,2.13,Ireland
IRL,CPI,TOT,AGRWTH,A,1989,4.09,Ireland
IRL,CPI,TOT,AGRWTH,A,1990,3.32,Ireland
IRL,CPI,TOT,AGRWTH,A,1991,3.21,Ireland
IRL,CPI,TOT,AGRWTH,A,1992,3.07,Ireland
IRL,CPI,TOT,AGRWTH,A,1993,1.47,Ireland
IRL,CPI,TOT,AGRWTH,A,1994,2.31,Ireland
IRL,CPI,TOT,AGRWTH,A,1995,2.52,Ireland
IRL,CPI,TOT,AGRWTH,A,1996,1.75,Ireland
IRL,CPI,TOT,AGRWTH,A,1997,1.53,Ireland
IRL,CPI,TOT,AGRWTH,A,1998,2.42,Ireland
IRL,CPI,TOT,AGRWTH,A,1999,1.63,Ireland
IRL,CPI,TOT,AGRWTH,A,2000,5.59,Ireland
IRL,CPI,TOT,AGRWTH,A,2001,4.87,Ireland
IRL,CPI,TOT,AGRWTH,A,2002,4.61,Ireland
IRL,CPI,TOT,AGRWTH,A,2003,3.49,Ireland
IRL,CPI,TOT,AGRWTH,A,2004,2.2,Ireland
IRL,CPI,TOT,AGRWTH,A,2005,2.43,Ireland
IRL,CPI,TOT,AGRWTH,A,2006,3.93,Ireland
IRL,CPI,TOT,AGRWTH,A,2007,4.9,Ireland
IRL,CPI,TOT,AGRWTH,A,2008,4.06,Ireland
IRL,CPI,TOT,AGRWTH,A,2009,-4.48,Ireland
IRL,CPI,TOT,AGRWTH,A,2010,-0.92,Ireland
IRL,CPI,TOT,AGRWTH,A,2011,2.56,Ireland
IRL,CPI,TOT,AGRWTH,A,2012,1.7,Ireland
IRL,CPI,TOT,AGRWTH,A,2013,0.51,Ireland
IRL,CPI,TOT,AGRWTH,A,2014,0.18,Ireland
IRL,CPI,TOT,AGRWTH,A,2015,-0.29,Ireland
IRL,CPI,TOT,AGRWTH,A,2016,0.01,Ireland
IRL,CPI,TOT,AGRWTH,A,2017,0.34,Ireland
IRL,CPI,TOT,AGRWTH,A,2018,0.49,Ireland
IRL,CPI,TOT,AGRWTH,A,2019,0.94,Ireland
IRL,CPI,TOT,AGRWTH,A,2020,-0.33,Ireland
IRL,CPI,TOT,AGRWTH,A,2021,2.36,Ireland
ITA,CPI,TOT,AGRWTH,A,1956,3.38,Italy
ITA,CPI,TOT,AGRWTH,A,1957,1.32,Italy
ITA,CPI,TOT,AGRWTH,A,1958,2.86,Italy
ITA,CPI,TOT,AGRWTH,A,1959,-0.51,Italy
ITA,CPI,TOT,AGRWTH,A,1960,2.35,Italy
ITA,CPI,TOT,AGRWTH,A,1961,2.05,Italy
ITA,CPI,TOT,AGRWTH,A,1962,4.69,Italy
ITA,CPI,TOT,AGRWTH,A,1963,7.45,Italy
ITA,CPI,TOT,AGRWTH,A,1964,5.91,Italy
ITA,CPI,TOT,AGRWTH,A,1965,4.52,Italy
ITA,CPI,TOT,AGRWTH,A,1966,2.35,Italy
ITA,CPI,TOT,AGRWTH,A,1967,3.73,Italy
ITA,CPI,TOT,AGRWTH,A,1968,1.28,Italy
ITA,CPI,TOT,AGRWTH,A,1969,2.66,Italy
ITA,CPI,TOT,AGRWTH,A,1970,4.97,Italy
ITA,CPI,TOT,AGRWTH,A,1971,4.79,Italy
ITA,CPI,TOT,AGRWTH,A,1972,5.75,Italy
ITA,CPI,TOT,AGRWTH,A,1973,10.8,Italy
ITA,CPI,TOT,AGRWTH,A,1974,19.16,Italy
ITA,CPI,TOT,AGRWTH,A,1975,16.95,Italy
ITA,CPI,TOT,AGRWTH,A,1976,16.61,Italy
ITA,CPI,TOT,AGRWTH,A,1977,17.13,Italy
ITA,CPI,TOT,AGRWTH,A,1978,12.09,Italy
ITA,CPI,TOT,AGRWTH,A,1979,14.8,Italy
ITA,CPI,TOT,AGRWTH,A,1980,21.06,Italy
ITA,CPI,TOT,AGRWTH,A,1981,17.97,Italy
ITA,CPI,TOT,AGRWTH,A,1982,16.48,Italy
ITA,CPI,TOT,AGRWTH,A,1983,14.65,Italy
ITA,CPI,TOT,AGRWTH,A,1984,10.79,Italy
ITA,CPI,TOT,AGRWTH,A,1985,9.21,Italy
ITA,CPI,TOT,AGRWTH,A,1986,5.82,Italy
ITA,CPI,TOT,AGRWTH,A,1987,4.75,Italy
ITA,CPI,TOT,AGRWTH,A,1988,5.06,Italy
ITA,CPI,TOT,AGRWTH,A,1989,6.26,Italy
ITA,CPI,TOT,AGRWTH,A,1990,6.46,Italy
ITA,CPI,TOT,AGRWTH,A,1991,6.25,Italy
ITA,CPI,TOT,AGRWTH,A,1992,5.27,Italy
ITA,CPI,TOT,AGRWTH,A,1993,4.63,Italy
ITA,CPI,TOT,AGRWTH,A,1994,4.05,Italy
ITA,CPI,TOT,AGRWTH,A,1995,5.24,Italy
ITA,CPI,TOT,AGRWTH,A,1996,4.01,Italy
ITA,CPI,TOT,AGRWTH,A,1997,2.04,Italy
ITA,CPI,TOT,AGRWTH,A,1998,1.96,Italy
ITA,CPI,TOT,AGRWTH,A,1999,1.66,Italy
ITA,CPI,TOT,AGRWTH,A,2000,2.54,Italy
ITA,CPI,TOT,AGRWTH,A,2001,2.79,Italy
ITA,CPI,TOT,AGRWTH,A,2002,2.47,Italy
ITA,CPI,TOT,AGRWTH,A,2003,2.67,Italy
ITA,CPI,TOT,AGRWTH,A,2004,2.21,Italy
ITA,CPI,TOT,AGRWTH,A,2005,1.99,Italy
ITA,CPI,TOT,AGRWTH,A,2006,2.09,Italy
ITA,CPI,TOT,AGRWTH,A,2007,1.83,Italy
ITA,CPI,TOT,AGRWTH,A,2008,3.35,Italy
ITA,CPI,TOT,AGRWTH,A,2009,0.77,Italy
ITA,CPI,TOT,AGRWTH,A,2010,1.53,Italy
ITA,CPI,TOT,AGRWTH,A,2011,2.78,Italy
ITA,CPI,TOT,AGRWTH,A,2012,3.04,Italy
ITA,CPI,TOT,AGRWTH,A,2013,1.22,Italy
ITA,CPI,TOT,AGRWTH,A,2014,0.24,Italy
ITA,CPI,TOT,AGRWTH,A,2015,0.04,Italy
ITA,CPI,TOT,AGRWTH,A,2016,-0.09,Italy
ITA,CPI,TOT,AGRWTH,A,2017,1.23,Italy
ITA,CPI,TOT,AGRWTH,A,2018,1.14,Italy
ITA,CPI,TOT,AGRWTH,A,2019,0.61,Italy
ITA,CPI,TOT,AGRWTH,A,2020,-0.14,Italy
ITA,CPI,TOT,AGRWTH,A,2021,1.87,Italy
JPN,CPI,TOT,AGRWTH,A,1971,6.3,Japan
JPN,CPI,TOT,AGRWTH,A,1972,4.91,Japan
JPN,CPI,TOT,AGRWTH,A,1973,11.57,Japan
JPN,CPI,TOT,AGRWTH,A,1974,23.18,Japan
JPN,CPI,TOT,AGRWTH,A,1975,11.91,Japan
JPN,CPI,TOT,AGRWTH,A,1976,9.37,Japan
JPN,CPI,TOT,AGRWTH,A,1977,8.18,Japan
JPN,CPI,TOT,AGRWTH,A,1978,4.21,Japan
JPN,CPI,TOT,AGRWTH,A,1979,3.7,Japan
JPN,CPI,TOT,AGRWTH,A,1980,7.76,Japan
JPN,CPI,TOT,AGRWTH,A,1981,4.94,Japan
JPN,CPI,TOT,AGRWTH,A,1982,2.75,Japan
JPN,CPI,TOT,AGRWTH,A,1983,1.9,Japan
JPN,CPI,TOT,AGRWTH,A,1984,2.27,Japan
JPN,CPI,TOT,AGRWTH,A,1985,2.08,Japan
JPN,CPI,TOT,AGRWTH,A,1986,0.62,Japan
JPN,CPI,TOT,AGRWTH,A,1987,0.11,Japan
JPN,CPI,TOT,AGRWTH,A,1988,0.68,Japan
JPN,CPI,TOT,AGRWTH,A,1989,2.29,Japan
JPN,CPI,TOT,AGRWTH,A,1990,3.1,Japan
JPN,CPI,TOT,AGRWTH,A,1991,3.28,Japan
JPN,CPI,TOT,AGRWTH,A,1992,1.74,Japan
JPN,CPI,TOT,AGRWTH,A,1993,1.26,Japan
JPN,CPI,TOT,AGRWTH,A,1994,0.68,Japan
JPN,CPI,TOT,AGRWTH,A,1995,-0.08,Japan
JPN,CPI,TOT,AGRWTH,A,1996,0.13,Japan
JPN,CPI,TOT,AGRWTH,A,1997,1.71,Japan
JPN,CPI,TOT,AGRWTH,A,1998,0.66,Japan
JPN,CPI,TOT,AGRWTH,A,1999,-0.34,Japan
JPN,CPI,TOT,AGRWTH,A,2000,-0.66,Japan
JPN,CPI,TOT,AGRWTH,A,2001,-0.73,Japan
JPN,CPI,TOT,AGRWTH,A,2002,-0.91,Japan
JPN,CPI,TOT,AGRWTH,A,2003,-0.25,Japan
JPN,CPI,TOT,AGRWTH,A,2004,-0.01,Japan
JPN,CPI,TOT,AGRWTH,A,2005,-0.28,Japan
JPN,CPI,TOT,AGRWTH,A,2006,0.24,Japan
JPN,CPI,TOT,AGRWTH,A,2007,0.06,Japan
JPN,CPI,TOT,AGRWTH,A,2008,1.38,Japan
JPN,CPI,TOT,AGRWTH,A,2009,-1.34,Japan
JPN,CPI,TOT,AGRWTH,A,2010,-0.7,Japan
JPN,CPI,TOT,AGRWTH,A,2011,-0.28,Japan
JPN,CPI,TOT,AGRWTH,A,2012,-0.04,Japan
JPN,CPI,TOT,AGRWTH,A,2013,0.35,Japan
JPN,CPI,TOT,AGRWTH,A,2014,2.73,Japan
JPN,CPI,TOT,AGRWTH,A,2015,0.8,Japan
JPN,CPI,TOT,AGRWTH,A,2016,-0.13,Japan
JPN,CPI,TOT,AGRWTH,A,2017,0.48,Japan
JPN,CPI,TOT,AGRWTH,A,2018,0.99,Japan
JPN,CPI,TOT,AGRWTH,A,2019,0.48,Japan
JPN,CPI,TOT,AGRWTH,A,2020,-0.02,Japan
JPN,CPI,TOT,AGRWTH,A,2021,-0.25,Japan
KOR,CPI,TOT,AGRWTH,A,1956,22.99,Korea
KOR,CPI,TOT,AGRWTH,A,1957,23.11,Korea
KOR,CPI,TOT,AGRWTH,A,1958,-3.48,Korea
KOR,CPI,TOT,AGRWTH,A,1959,3.18,Korea
KOR,CPI,TOT,AGRWTH,A,1960,7.97,Korea
KOR,CPI,TOT,AGRWTH,A,1961,8.2,Korea
KOR,CPI,TOT,AGRWTH,A,1962,6.62,Korea
KOR,CPI,TOT,AGRWTH,A,1963,20.69,Korea
KOR,CPI,TOT,AGRWTH,A,1964,29.46,Korea
KOR,CPI,TOT,AGRWTH,A,1965,13.55,Korea
KOR,CPI,TOT,AGRWTH,A,1966,11.26,Korea
KOR,CPI,TOT,AGRWTH,A,1967,10.88,Korea
KOR,CPI,TOT,AGRWTH,A,1968,10.77,Korea
KOR,CPI,TOT,AGRWTH,A,1969,12.39,Korea
KOR,CPI,TOT,AGRWTH,A,1970,15.95,Korea
KOR,CPI,TOT,AGRWTH,A,1971,13.51,Korea
KOR,CPI,TOT,AGRWTH,A,1972,11.69,Korea
KOR,CPI,TOT,AGRWTH,A,1973,3.22,Korea
KOR,CPI,TOT,AGRWTH,A,1974,24.3,Korea
KOR,CPI,TOT,AGRWTH,A,1975,25.25,Korea
KOR,CPI,TOT,AGRWTH,A,1976,15.33,Korea
KOR,CPI,TOT,AGRWTH,A,1977,10.1,Korea
KOR,CPI,TOT,AGRWTH,A,1978,14.46,Korea
KOR,CPI,TOT,AGRWTH,A,1979,18.32,Korea
KOR,CPI,TOT,AGRWTH,A,1980,28.7,Korea
KOR,CPI,TOT,AGRWTH,A,1981,21.35,Korea
KOR,CPI,TOT,AGRWTH,A,1982,7.19,Korea
KOR,CPI,TOT,AGRWTH,A,1983,3.42,Korea
KOR,CPI,TOT,AGRWTH,A,1984,2.27,Korea
KOR,CPI,TOT,AGRWTH,A,1985,2.46,Korea
KOR,CPI,TOT,AGRWTH,A,1986,2.75,Korea
KOR,CPI,TOT,AGRWTH,A,1987,3.05,Korea
KOR,CPI,TOT,AGRWTH,A,1988,7.15,Korea
KOR,CPI,TOT,AGRWTH,A,1989,5.7,Korea
KOR,CPI,TOT,AGRWTH,A,1990,8.57,Korea
KOR,CPI,TOT,AGRWTH,A,1991,9.33,Korea
KOR,CPI,TOT,AGRWTH,A,1992,6.21,Korea
KOR,CPI,TOT,AGRWTH,A,1993,4.8,Korea
KOR,CPI,TOT,AGRWTH,A,1994,6.27,Korea
KOR,CPI,TOT,AGRWTH,A,1995,4.48,Korea
KOR,CPI,TOT,AGRWTH,A,1996,4.92,Korea
KOR,CPI,TOT,AGRWTH,A,1997,4.44,Korea
KOR,CPI,TOT,AGRWTH,A,1998,7.51,Korea
KOR,CPI,TOT,AGRWTH,A,1999,0.81,Korea
KOR,CPI,TOT,AGRWTH,A,2000,2.26,Korea
KOR,CPI,TOT,AGRWTH,A,2001,4.07,Korea
KOR,CPI,TOT,AGRWTH,A,2002,2.76,Korea
KOR,CPI,TOT,AGRWTH,A,2003,3.51,Korea
KOR,CPI,TOT,AGRWTH,A,2004,3.59,Korea
KOR,CPI,TOT,AGRWTH,A,2005,2.75,Korea
KOR,CPI,TOT,AGRWTH,A,2006,2.24,Korea
KOR,CPI,TOT,AGRWTH,A,2007,2.53,Korea
KOR,CPI,TOT,AGRWTH,A,2008,4.67,Korea
KOR,CPI,TOT,AGRWTH,A,2009,2.76,Korea
KOR,CPI,TOT,AGRWTH,A,2010,2.94,Korea
KOR,CPI,TOT,AGRWTH,A,2011,4.03,Korea
KOR,CPI,TOT,AGRWTH,A,2012,2.19,Korea
KOR,CPI,TOT,AGRWTH,A,2013,1.3,Korea
KOR,CPI,TOT,AGRWTH,A,2014,1.27,Korea
KOR,CPI,TOT,AGRWTH,A,2015,0.71,Korea
KOR,CPI,TOT,AGRWTH,A,2016,0.97,Korea
KOR,CPI,TOT,AGRWTH,A,2017,1.94,Korea
KOR,CPI,TOT,AGRWTH,A,2018,1.48,Korea
KOR,CPI,TOT,AGRWTH,A,2019,0.38,Korea
KOR,CPI,TOT,AGRWTH,A,2020,0.54,Korea
KOR,CPI,TOT,AGRWTH,A,2021,2.5,Korea
LUX,CPI,TOT,AGRWTH,A,1956,0.58,Luxembourg
LUX,CPI,TOT,AGRWTH,A,1957,4.62,Luxembourg
LUX,CPI,TOT,AGRWTH,A,1958,0.65,Luxembourg
LUX,CPI,TOT,AGRWTH,A,1959,0.39,Luxembourg
LUX,CPI,TOT,AGRWTH,A,1960,0.45,Luxembourg
LUX,CPI,TOT,AGRWTH,A,1961,0.48,Luxembourg
LUX,CPI,TOT,AGRWTH,A,1962,0.9,Luxembourg
LUX,CPI,TOT,AGRWTH,A,1963,2.88,Luxembourg
LUX,CPI,TOT,AGRWTH,A,1964,3.1,Luxembourg
LUX,CPI,TOT,AGRWTH,A,1965,3.33,Luxembourg
LUX,CPI,TOT,AGRWTH,A,1966,3.33,Luxembourg
LUX,CPI,TOT,AGRWTH,A,1967,2.17,Luxembourg
LUX,CPI,TOT,AGRWTH,A,1968,2.63,Luxembourg
LUX,CPI,TOT,AGRWTH,A,1969,2.29,Luxembourg
LUX,CPI,TOT,AGRWTH,A,1970,4.64,Luxembourg
LUX,CPI,TOT,AGRWTH,A,1971,4.67,Luxembourg
LUX,CPI,TOT,AGRWTH,A,1972,5.23,Luxembourg
LUX,CPI,TOT,AGRWTH,A,1973,6.07,Luxembourg
LUX,CPI,TOT,AGRWTH,A,1974,9.54,Luxembourg
LUX,CPI,TOT,AGRWTH,A,1975,10.72,Luxembourg
LUX,CPI,TOT,AGRWTH,A,1976,9.8,Luxembourg
LUX,CPI,TOT,AGRWTH,A,1977,6.71,Luxembourg
LUX,CPI,TOT,AGRWTH,A,1978,3.09,Luxembourg
LUX,CPI,TOT,AGRWTH,A,1979,4.55,Luxembourg
LUX,CPI,TOT,AGRWTH,A,1980,6.3,Luxembourg
LUX,CPI,TOT,AGRWTH,A,1981,8.07,Luxembourg
LUX,CPI,TOT,AGRWTH,A,1982,9.36,Luxembourg
LUX,CPI,TOT,AGRWTH,A,1983,8.67,Luxembourg
LUX,CPI,TOT,AGRWTH,A,1984,6.44,Luxembourg
LUX,CPI,TOT,AGRWTH,A,1985,4.09,Luxembourg
LUX,CPI,TOT,AGRWTH,A,1986,0.29,Luxembourg
LUX,CPI,TOT,AGRWTH,A,1987,-0.06,Luxembourg
LUX,CPI,TOT,AGRWTH,A,1988,1.44,Luxembourg
LUX,CPI,TOT,AGRWTH,A,1989,3.37,Luxembourg
LUX,CPI,TOT,AGRWTH,A,1990,3.25,Luxembourg
LUX,CPI,TOT,AGRWTH,A,1991,3.12,Luxembourg
LUX,CPI,TOT,AGRWTH,A,1992,3.15,Luxembourg
LUX,CPI,TOT,AGRWTH,A,1993,3.59,Luxembourg
LUX,CPI,TOT,AGRWTH,A,1994,2.19,Luxembourg
LUX,CPI,TOT,AGRWTH,A,1995,1.87,Luxembourg
LUX,CPI,TOT,AGRWTH,A,1996,1.18,Luxembourg
LUX,CPI,TOT,AGRWTH,A,1997,1.37,Luxembourg
LUX,CPI,TOT,AGRWTH,A,1998,0.96,Luxembourg
LUX,CPI,TOT,AGRWTH,A,1999,1.03,Luxembourg
LUX,CPI,TOT,AGRWTH,A,2000,3.15,Luxembourg
LUX,CPI,TOT,AGRWTH,A,2001,2.66,Luxembourg
LUX,CPI,TOT,AGRWTH,A,2002,2.07,Luxembourg
LUX,CPI,TOT,AGRWTH,A,2003,2.05,Luxembourg
LUX,CPI,TOT,AGRWTH,A,2004,2.23,Luxembourg
LUX,CPI,TOT,AGRWTH,A,2005,2.49,Luxembourg
LUX,CPI,TOT,AGRWTH,A,2006,2.67,Luxembourg
LUX,CPI,TOT,AGRWTH,A,2007,2.31,Luxembourg
LUX,CPI,TOT,AGRWTH,A,2008,3.4,Luxembourg
LUX,CPI,TOT,AGRWTH,A,2009,0.37,Luxembourg
LUX,CPI,TOT,AGRWTH,A,2010,2.27,Luxembourg
LUX,CPI,TOT,AGRWTH,A,2011,3.41,Luxembourg
LUX,CPI,TOT,AGRWTH,A,2012,2.66,Luxembourg
LUX,CPI,TOT,AGRWTH,A,2013,1.73,Luxembourg
LUX,CPI,TOT,AGRWTH,A,2014,0.63,Luxembourg
LUX,CPI,TOT,AGRWTH,A,2015,0.47,Luxembourg
LUX,CPI,TOT,AGRWTH,A,2016,0.29,Luxembourg
LUX,CPI,TOT,AGRWTH,A,2017,1.73,Luxembourg
LUX,CPI,TOT,AGRWTH,A,2018,1.53,Luxembourg
LUX,CPI,TOT,AGRWTH,A,2019,1.74,Luxembourg
LUX,CPI,TOT,AGRWTH,A,2020,0.82,Luxembourg
LUX,CPI,TOT,AGRWTH,A,2021,2.53,Luxembourg
MEX,CPI,TOT,AGRWTH,A,1969,13.83,Mexico
MEX,CPI,TOT,AGRWTH,A,1970,5.0,Mexico
MEX,CPI,TOT,AGRWTH,A,1971,5.47,Mexico
MEX,CPI,TOT,AGRWTH,A,1972,4.94,Mexico
MEX,CPI,TOT,AGRWTH,A,1973,12.08,Mexico
MEX,CPI,TOT,AGRWTH,A,1974,23.78,Mexico
MEX,CPI,TOT,AGRWTH,A,1975,14.94,Mexico
MEX,CPI,TOT,AGRWTH,A,1976,15.82,Mexico
MEX,CPI,TOT,AGRWTH,A,1977,29.06,Mexico
MEX,CPI,TOT,AGRWTH,A,1978,17.46,Mexico
MEX,CPI,TOT,AGRWTH,A,1979,18.19,Mexico
MEX,CPI,TOT,AGRWTH,A,1980,26.35,Mexico
MEX,CPI,TOT,AGRWTH,A,1981,27.93,Mexico
MEX,CPI,TOT,AGRWTH,A,1982,58.91,Mexico
MEX,CPI,TOT,AGRWTH,A,1983,101.87,Mexico
MEX,CPI,TOT,AGRWTH,A,1984,65.45,Mexico
MEX,CPI,TOT,AGRWTH,A,1985,57.75,Mexico
MEX,CPI,TOT,AGRWTH,A,1986,86.23,Mexico
MEX,CPI,TOT,AGRWTH,A,1987,131.83,Mexico
MEX,CPI,TOT,AGRWTH,A,1988,114.16,Mexico
MEX,CPI,TOT,AGRWTH,A,1989,20.01,Mexico
MEX,CPI,TOT,AGRWTH,A,1990,26.65,Mexico
MEX,CPI,TOT,AGRWTH,A,1991,22.66,Mexico
MEX,CPI,TOT,AGRWTH,A,1992,15.51,Mexico
MEX,CPI,TOT,AGRWTH,A,1993,9.75,Mexico
MEX,CPI,TOT,AGRWTH,A,1994,6.97,Mexico
MEX,CPI,TOT,AGRWTH,A,1995,35.0,Mexico
MEX,CPI,TOT,AGRWTH,A,1996,34.38,Mexico
MEX,CPI,TOT,AGRWTH,A,1997,20.63,Mexico
MEX,CPI,TOT,AGRWTH,A,1998,15.93,Mexico
MEX,CPI,TOT,AGRWTH,A,1999,16.59,Mexico
MEX,CPI,TOT,AGRWTH,A,2000,9.49,Mexico
MEX,CPI,TOT,AGRWTH,A,2001,6.37,Mexico
MEX,CPI,TOT,AGRWTH,A,2002,5.03,Mexico
MEX,CPI,TOT,AGRWTH,A,2003,4.55,Mexico
MEX,CPI,TOT,AGRWTH,A,2004,4.69,Mexico
MEX,CPI,TOT,AGRWTH,A,2005,3.99,Mexico
MEX,CPI,TOT,AGRWTH,A,2006,3.63,Mexico
MEX,CPI,TOT,AGRWTH,A,2007,3.97,Mexico
MEX,CPI,TOT,AGRWTH,A,2008,5.12,Mexico
MEX,CPI,TOT,AGRWTH,A,2009,5.3,Mexico
MEX,CPI,TOT,AGRWTH,A,2010,4.16,Mexico
MEX,CPI,TOT,AGRWTH,A,2011,3.41,Mexico
MEX,CPI,TOT,AGRWTH,A,2012,4.11,Mexico
MEX,CPI,TOT,AGRWTH,A,2013,3.81,Mexico
MEX,CPI,TOT,AGRWTH,A,2014,4.02,Mexico
MEX,CPI,TOT,AGRWTH,A,2015,2.72,Mexico
MEX,CPI,TOT,AGRWTH,A,2016,2.82,Mexico
MEX,CPI,TOT,AGRWTH,A,2017,6.04,Mexico
MEX,CPI,TOT,AGRWTH,A,2018,4.9,Mexico
MEX,CPI,TOT,AGRWTH,A,2019,3.64,Mexico
MEX,CPI,TOT,AGRWTH,A,2020,3.4,Mexico
MEX,CPI,TOT,AGRWTH,A,2021,5.69,Mexico
NLD,CPI,TOT,AGRWTH,A,1961,0.57,Netherlands
NLD,CPI,TOT,AGRWTH,A,1962,2.43,Netherlands
NLD,CPI,TOT,AGRWTH,A,1963,3.24,Netherlands
NLD,CPI,TOT,AGRWTH,A,1964,5.82,Netherlands
NLD,CPI,TOT,AGRWTH,A,1965,3.91,Netherlands
NLD,CPI,TOT,AGRWTH,A,1966,5.76,Netherlands
NLD,CPI,TOT,AGRWTH,A,1967,3.46,Netherlands
NLD,CPI,TOT,AGRWTH,A,1968,3.72,Netherlands
NLD,CPI,TOT,AGRWTH,A,1969,7.42,Netherlands
NLD,CPI,TOT,AGRWTH,A,1970,3.67,Netherlands
NLD,CPI,TOT,AGRWTH,A,1971,7.48,Netherlands
NLD,CPI,TOT,AGRWTH,A,1972,7.8,Netherlands
NLD,CPI,TOT,AGRWTH,A,1973,8.02,Netherlands
NLD,CPI,TOT,AGRWTH,A,1974,9.59,Netherlands
NLD,CPI,TOT,AGRWTH,A,1975,10.22,Netherlands
NLD,CPI,TOT,AGRWTH,A,1976,8.83,Netherlands
NLD,CPI,TOT,AGRWTH,A,1977,6.4,Netherlands
NLD,CPI,TOT,AGRWTH,A,1978,4.11,Netherlands
NLD,CPI,TOT,AGRWTH,A,1979,4.2,Netherlands
NLD,CPI,TOT,AGRWTH,A,1980,6.51,Netherlands
NLD,CPI,TOT,AGRWTH,A,1981,6.74,Netherlands
NLD,CPI,TOT,AGRWTH,A,1982,5.91,Netherlands
NLD,CPI,TOT,AGRWTH,A,1983,2.74,Netherlands
NLD,CPI,TOT,AGRWTH,A,1984,3.3,Netherlands
NLD,CPI,TOT,AGRWTH,A,1985,2.26,Netherlands
NLD,CPI,TOT,AGRWTH,A,1986,0.08,Netherlands
NLD,CPI,TOT,AGRWTH,A,1987,-0.69,Netherlands
NLD,CPI,TOT,AGRWTH,A,1988,0.74,Netherlands
NLD,CPI,TOT,AGRWTH,A,1989,1.08,Netherlands
NLD,CPI,TOT,AGRWTH,A,1990,2.45,Netherlands
NLD,CPI,TOT,AGRWTH,A,1991,3.16,Netherlands
NLD,CPI,TOT,AGRWTH,A,1992,3.18,Netherlands
NLD,CPI,TOT,AGRWTH,A,1993,2.58,Netherlands
NLD,CPI,TOT,AGRWTH,A,1994,2.8,Netherlands
NLD,CPI,TOT,AGRWTH,A,1995,1.92,Netherlands
NLD,CPI,TOT,AGRWTH,A,1996,1.95,Netherlands
NLD,CPI,TOT,AGRWTH,A,1997,2.11,Netherlands
NLD,CPI,TOT,AGRWTH,A,1998,1.96,Netherlands
NLD,CPI,TOT,AGRWTH,A,1999,2.16,Netherlands
NLD,CPI,TOT,AGRWTH,A,2000,2.36,Netherlands
NLD,CPI,TOT,AGRWTH,A,2001,4.16,Netherlands
NLD,CPI,TOT,AGRWTH,A,2002,3.29,Netherlands
NLD,CPI,TOT,AGRWTH,A,2003,2.09,Netherlands
NLD,CPI,TOT,AGRWTH,A,2004,1.26,Netherlands
NLD,CPI,TOT,AGRWTH,A,2005,1.69,Netherlands
NLD,CPI,TOT,AGRWTH,A,2006,1.1,Netherlands
NLD,CPI,TOT,AGRWTH,A,2007,1.61,Netherlands
NLD,CPI,TOT,AGRWTH,A,2008,2.49,Netherlands
NLD,CPI,TOT,AGRWTH,A,2009,1.19,Netherlands
NLD,CPI,TOT,AGRWTH,A,2010,1.28,Netherlands
NLD,CPI,TOT,AGRWTH,A,2011,2.34,Netherlands
NLD,CPI,TOT,AGRWTH,A,2012,2.46,Netherlands
NLD,CPI,TOT,AGRWTH,A,2013,2.51,Netherlands
NLD,CPI,TOT,AGRWTH,A,2014,0.98,Netherlands
NLD,CPI,TOT,AGRWTH,A,2015,0.6,Netherlands
NLD,CPI,TOT,AGRWTH,A,2016,0.32,Netherlands
NLD,CPI,TOT,AGRWTH,A,2017,1.38,Netherlands
NLD,CPI,TOT,AGRWTH,A,2018,1.7,Netherlands
NLD,CPI,TOT,AGRWTH,A,2019,2.63,Netherlands
NLD,CPI,TOT,AGRWTH,A,2020,1.27,Netherlands
NLD,CPI,TOT,AGRWTH,A,2021,2.68,Netherlands
POL,CPI,TOT,AGRWTH,A,1990,81.22,Poland
POL,CPI,TOT,AGRWTH,A,1991,71.57,Poland
POL,CPI,TOT,AGRWTH,A,1992,42.85,Poland
POL,CPI,TOT,AGRWTH,A,1993,35.48,Poland
POL,CPI,TOT,AGRWTH,A,1994,32.19,Poland
POL,CPI,TOT,AGRWTH,A,1995,28.12,Poland
POL,CPI,TOT,AGRWTH,A,1996,19.91,Poland
POL,CPI,TOT,AGRWTH,A,1997,14.95,Poland
POL,CPI,TOT,AGRWTH,A,1998,11.87,Poland
POL,CPI,TOT,AGRWTH,A,1999,7.26,Poland
POL,CPI,TOT,AGRWTH,A,2000,10.09,Poland
POL,CPI,TOT,AGRWTH,A,2001,5.48,Poland
POL,CPI,TOT,AGRWTH,A,2002,1.94,Poland
POL,CPI,TOT,AGRWTH,A,2003,0.84,Poland
POL,CPI,TOT,AGRWTH,A,2004,3.49,Poland
POL,CPI,TOT,AGRWTH,A,2005,2.13,Poland
POL,CPI,TOT,AGRWTH,A,2006,1.03,Poland
POL,CPI,TOT,AGRWTH,A,2007,2.49,Poland
POL,CPI,TOT,AGRWTH,A,2008,4.22,Poland
POL,CPI,TOT,AGRWTH,A,2009,3.45,Poland
POL,CPI,TOT,AGRWTH,A,2010,2.58,Poland
POL,CPI,TOT,AGRWTH,A,2011,4.27,Poland
POL,CPI,TOT,AGRWTH,A,2012,3.7,Poland
POL,CPI,TOT,AGRWTH,A,2013,0.9,Poland
POL,CPI,TOT,AGRWTH,A,2014,-0.02,Poland
POL,CPI,TOT,AGRWTH,A,2015,-0.93,Poland
POL,CPI,TOT,AGRWTH,A,2016,-0.58,Poland
POL,CPI,TOT,AGRWTH,A,2017,1.98,Poland
POL,CPI,TOT,AGRWTH,A,2018,1.67,Poland
POL,CPI,TOT,AGRWTH,A,2019,2.31,Poland
POL,CPI,TOT,AGRWTH,A,2020,3.4,Poland
POL,CPI,TOT,AGRWTH,A,2021,5.1,Poland
PRT,CPI,TOT,AGRWTH,A,1956,3.2,Portugal
PRT,CPI,TOT,AGRWTH,A,1957,1.42,Portugal
PRT,CPI,TOT,AGRWTH,A,1958,1.6,Portugal
PRT,CPI,TOT,AGRWTH,A,1959,1.05,Portugal
PRT,CPI,TOT,AGRWTH,A,1960,3.05,Portugal
PRT,CPI,TOT,AGRWTH,A,1961,1.55,Portugal
PRT,CPI,TOT,AGRWTH,A,1962,2.66,Portugal
PRT,CPI,TOT,AGRWTH,A,1963,2.02,Portugal
PRT,CPI,TOT,AGRWTH,A,1964,3.44,Portugal
PRT,CPI,TOT,AGRWTH,A,1965,3.42,Portugal
PRT,CPI,TOT,AGRWTH,A,1966,5.04,Portugal
PRT,CPI,TOT,AGRWTH,A,1967,5.53,Portugal
PRT,CPI,TOT,AGRWTH,A,1968,6.08,Portugal
PRT,CPI,TOT,AGRWTH,A,1969,8.78,Portugal
PRT,CPI,TOT,AGRWTH,A,1970,6.38,Portugal
PRT,CPI,TOT,AGRWTH,A,1971,11.95,Portugal
PRT,CPI,TOT,AGRWTH,A,1972,10.66,Portugal
PRT,CPI,TOT,AGRWTH,A,1973,12.97,Portugal
PRT,CPI,TOT,AGRWTH,A,1974,25.08,Portugal
PRT,CPI,TOT,AGRWTH,A,1975,15.27,Portugal
PRT,CPI,TOT,AGRWTH,A,1976,21.14,Portugal
PRT,CPI,TOT,AGRWTH,A,1977,31.02,Portugal
PRT,CPI,TOT,AGRWTH,A,1978,21.04,Portugal
PRT,CPI,TOT,AGRWTH,A,1979,21.9,Portugal
PRT,CPI,TOT,AGRWTH,A,1980,15.87,Portugal
PRT,CPI,TOT,AGRWTH,A,1981,19.04,Portugal
PRT,CPI,TOT,AGRWTH,A,1982,21.68,Portugal
PRT,CPI,TOT,AGRWTH,A,1983,24.0,Portugal
PRT,CPI,TOT,AGRWTH,A,1984,28.38,Portugal
PRT,CPI,TOT,AGRWTH,A,1985,19.46,Portugal
PRT,CPI,TOT,AGRWTH,A,1986,12.33,Portugal
PRT,CPI,TOT,AGRWTH,A,1987,9.63,Portugal
PRT,CPI,TOT,AGRWTH,A,1988,10.1,Portugal
PRT,CPI,TOT,AGRWTH,A,1989,12.69,Portugal
PRT,CPI,TOT,AGRWTH,A,1990,13.63,Portugal
PRT,CPI,TOT,AGRWTH,A,1991,11.85,Portugal
PRT,CPI,TOT,AGRWTH,A,1992,9.56,Portugal
PRT,CPI,TOT,AGRWTH,A,1993,6.78,Portugal
PRT,CPI,TOT,AGRWTH,A,1994,5.42,Portugal
PRT,CPI,TOT,AGRWTH,A,1995,4.22,Portugal
PRT,CPI,TOT,AGRWTH,A,1996,3.07,Portugal
PRT,CPI,TOT,AGRWTH,A,1997,2.34,Portugal
PRT,CPI,TOT,AGRWTH,A,1998,2.57,Portugal
PRT,CPI,TOT,AGRWTH,A,1999,2.34,Portugal
PRT,CPI,TOT,AGRWTH,A,2000,2.85,Portugal
PRT,CPI,TOT,AGRWTH,A,2001,4.37,Portugal
PRT,CPI,TOT,AGRWTH,A,2002,3.6,Portugal
PRT,CPI,TOT,AGRWTH,A,2003,3.22,Portugal
PRT,CPI,TOT,AGRWTH,A,2004,2.37,Portugal
PRT,CPI,TOT,AGRWTH,A,2005,2.28,Portugal
PRT,CPI,TOT,AGRWTH,A,2006,3.11,Portugal
PRT,CPI,TOT,AGRWTH,A,2007,2.45,Portugal
PRT,CPI,TOT,AGRWTH,A,2008,2.59,Portugal
PRT,CPI,TOT,AGRWTH,A,2009,-0.84,Portugal
PRT,CPI,TOT,AGRWTH,A,2010,1.4,Portugal
PRT,CPI,TOT,AGRWTH,A,2011,3.65,Portugal
PRT,CPI,TOT,AGRWTH,A,2012,2.77,Portugal
PRT,CPI,TOT,AGRWTH,A,2013,0.27,Portugal
PRT,CPI,TOT,AGRWTH,A,2014,-0.28,Portugal
PRT,CPI,TOT,AGRWTH,A,2015,0.49,Portugal
PRT,CPI,TOT,AGRWTH,A,2016,0.61,Portugal
PRT,CPI,TOT,AGRWTH,A,2017,1.37,Portugal
PRT,CPI,TOT,AGRWTH,A,2018,0.99,Portugal
PRT,CPI,TOT,AGRWTH,A,2019,0.34,Portugal
PRT,CPI,TOT,AGRWTH,A,2020,-0.01,Portugal
PRT,CPI,TOT,AGRWTH,A,2021,1.27,Portugal
SVK,CPI,TOT,AGRWTH,A,1992,9.89,Slovakia
SVK,CPI,TOT,AGRWTH,A,1993,23.29,Slovakia
SVK,CPI,TOT,AGRWTH,A,1994,13.42,Slovakia
SVK,CPI,TOT,AGRWTH,A,1995,9.84,Slovakia
SVK,CPI,TOT,AGRWTH,A,1996,5.78,Slovakia
SVK,CPI,TOT,AGRWTH,A,1997,6.14,Slovakia
SVK,CPI,TOT,AGRWTH,A,1998,6.67,Slovakia
SVK,CPI,TOT,AGRWTH,A,1999,10.57,Slovakia
SVK,CPI,TOT,AGRWTH,A,2000,12.04,Slovakia
SVK,CPI,TOT,AGRWTH,A,2001,7.33,Slovakia
SVK,CPI,TOT,AGRWTH,A,2002,3.13,Slovakia
SVK,CPI,TOT,AGRWTH,A,2003,8.55,Slovakia
SVK,CPI,TOT,AGRWTH,A,2004,7.55,Slovakia
SVK,CPI,TOT,AGRWTH,A,2005,2.71,Slovakia
SVK,CPI,TOT,AGRWTH,A,2006,4.48,Slovakia
SVK,CPI,TOT,AGRWTH,A,2007,2.76,Slovakia
SVK,CPI,TOT,AGRWTH,A,2008,4.6,Slovakia
SVK,CPI,TOT,AGRWTH,A,2009,1.62,Slovakia
SVK,CPI,TOT,AGRWTH,A,2010,0.96,Slovakia
SVK,CPI,TOT,AGRWTH,A,2011,3.92,Slovakia
SVK,CPI,TOT,AGRWTH,A,2012,3.61,Slovakia
SVK,CPI,TOT,AGRWTH,A,2013,1.4,Slovakia
SVK,CPI,TOT,AGRWTH,A,2014,-0.08,Slovakia
SVK,CPI,TOT,AGRWTH,A,2015,-0.33,Slovakia
SVK,CPI,TOT,AGRWTH,A,2016,-0.52,Slovakia
SVK,CPI,TOT,AGRWTH,A,2017,1.31,Slovakia
SVK,CPI,TOT,AGRWTH,A,2018,2.51,Slovakia
SVK,CPI,TOT,AGRWTH,A,2019,2.66,Slovakia
SVK,CPI,TOT,AGRWTH,A,2020,1.94,Slovakia
SVK,CPI,TOT,AGRWTH,A,2021,3.15,Slovakia
ESP,CPI,TOT,AGRWTH,A,1956,5.85,Spain
ESP,CPI,TOT,AGRWTH,A,1957,10.77,Spain
ESP,CPI,TOT,AGRWTH,A,1958,13.38,Spain
ESP,CPI,TOT,AGRWTH,A,1959,7.31,Spain
ESP,CPI,TOT,AGRWTH,A,1960,1.18,Spain
ESP,CPI,TOT,AGRWTH,A,1961,0.81,Spain
ESP,CPI,TOT,AGRWTH,A,1962,5.71,Spain
ESP,CPI,TOT,AGRWTH,A,1963,8.74,Spain
ESP,CPI,TOT,AGRWTH,A,1964,6.98,Spain
ESP,CPI,TOT,AGRWTH,A,1965,13.21,Spain
ESP,CPI,TOT,AGRWTH,A,1966,6.24,Spain
ESP,CPI,TOT,AGRWTH,A,1967,6.39,Spain
ESP,CPI,TOT,AGRWTH,A,1968,4.95,Spain
ESP,CPI,TOT,AGRWTH,A,1969,2.16,Spain
ESP,CPI,TOT,AGRWTH,A,1970,5.73,Spain
ESP,CPI,TOT,AGRWTH,A,1971,8.24,Spain
ESP,CPI,TOT,AGRWTH,A,1972,8.27,Spain
ESP,CPI,TOT,AGRWTH,A,1973,11.42,Spain
ESP,CPI,TOT,AGRWTH,A,1974,15.68,Spain
ESP,CPI,TOT,AGRWTH,A,1975,16.95,Spain
ESP,CPI,TOT,AGRWTH,A,1976,17.62,Spain
ESP,CPI,TOT,AGRWTH,A,1977,24.54,Spain
ESP,CPI,TOT,AGRWTH,A,1978,19.77,Spain
ESP,CPI,TOT,AGRWTH,A,1979,15.66,Spain
ESP,CPI,TOT,AGRWTH,A,1980,15.56,Spain
ESP,CPI,TOT,AGRWTH,A,1981,14.55,Spain
ESP,CPI,TOT,AGRWTH,A,1982,14.41,Spain
ESP,CPI,TOT,AGRWTH,A,1983,12.17,Spain
ESP,CPI,TOT,AGRWTH,A,1984,11.28,Spain
ESP,CPI,TOT,AGRWTH,A,1985,8.81,Spain
ESP,CPI,TOT,AGRWTH,A,1986,8.79,Spain
ESP,CPI,TOT,AGRWTH,A,1987,5.25,Spain
ESP,CPI,TOT,AGRWTH,A,1988,4.84,Spain
ESP,CPI,TOT,AGRWTH,A,1989,6.79,Spain
ESP,CPI,TOT,AGRWTH,A,1990,6.72,Spain
ESP,CPI,TOT,AGRWTH,A,1991,5.93,Spain
ESP,CPI,TOT,AGRWTH,A,1992,5.92,Spain
ESP,CPI,TOT,AGRWTH,A,1993,4.57,Spain
ESP,CPI,TOT,AGRWTH,A,1994,4.72,Spain
ESP,CPI,TOT,AGRWTH,A,1995,4.67,Spain
ESP,CPI,TOT,AGRWTH,A,1996,3.56,Spain
ESP,CPI,TOT,AGRWTH,A,1997,1.97,Spain
ESP,CPI,TOT,AGRWTH,A,1998,1.83,Spain
ESP,CPI,TOT,AGRWTH,A,1999,2.31,Spain
ESP,CPI,TOT,AGRWTH,A,2000,3.43,Spain
ESP,CPI,TOT,AGRWTH,A,2001,3.59,Spain
ESP,CPI,TOT,AGRWTH,A,2002,3.07,Spain
ESP,CPI,TOT,AGRWTH,A,2003,3.04,Spain
ESP,CPI,TOT,AGRWTH,A,2004,3.04,Spain
ESP,CPI,TOT,AGRWTH,A,2005,3.37,Spain
ESP,CPI,TOT,AGRWTH,A,2006,3.52,Spain
ESP,CPI,TOT,AGRWTH,A,2007,2.79,Spain
ESP,CPI,TOT,AGRWTH,A,2008,4.08,Spain
ESP,CPI,TOT,AGRWTH,A,2009,-0.29,Spain
ESP,CPI,TOT,AGRWTH,A,2010,1.8,Spain
ESP,CPI,TOT,AGRWTH,A,2011,3.2,Spain
ESP,CPI,TOT,AGRWTH,A,2012,2.45,Spain
ESP,CPI,TOT,AGRWTH,A,2013,1.41,Spain
ESP,CPI,TOT,AGRWTH,A,2014,-0.15,Spain
ESP,CPI,TOT,AGRWTH,A,2015,-0.5,Spain
ESP,CPI,TOT,AGRWTH,A,2016,-0.2,Spain
ESP,CPI,TOT,AGRWTH,A,2017,1.96,Spain
ESP,CPI,TOT,AGRWTH,A,2018,1.67,Spain
ESP,CPI,TOT,AGRWTH,A,2019,0.7,Spain
ESP,CPI,TOT,AGRWTH,A,2020,-0.32,Spain
ESP,CPI,TOT,AGRWTH,A,2021,3.09,Spain
SWE,CPI,TOT,AGRWTH,A,1956,4.94,Sweden
SWE,CPI,TOT,AGRWTH,A,1957,4.32,Sweden
SWE,CPI,TOT,AGRWTH,A,1958,4.39,Sweden
SWE,CPI,TOT,AGRWTH,A,1959,0.8,Sweden
SWE,CPI,TOT,AGRWTH,A,1960,4.14,Sweden
SWE,CPI,TOT,AGRWTH,A,1961,2.16,Sweden
SWE,CPI,TOT,AGRWTH,A,1962,4.77,Sweden
SWE,CPI,TOT,AGRWTH,A,1963,2.87,Sweden
SWE,CPI,TOT,AGRWTH,A,1964,3.39,Sweden
SWE,CPI,TOT,AGRWTH,A,1965,5.01,Sweden
SWE,CPI,TOT,AGRWTH,A,1966,6.4,Sweden
SWE,CPI,TOT,AGRWTH,A,1967,4.29,Sweden
SWE,CPI,TOT,AGRWTH,A,1968,1.94,Sweden
SWE,CPI,TOT,AGRWTH,A,1969,2.69,Sweden
SWE,CPI,TOT,AGRWTH,A,1970,7.02,Sweden
SWE,CPI,TOT,AGRWTH,A,1971,7.4,Sweden
SWE,CPI,TOT,AGRWTH,A,1972,6.01,Sweden
SWE,CPI,TOT,AGRWTH,A,1973,6.72,Sweden
SWE,CPI,TOT,AGRWTH,A,1974,9.91,Sweden
SWE,CPI,TOT,AGRWTH,A,1975,9.78,Sweden
SWE,CPI,TOT,AGRWTH,A,1976,10.25,Sweden
SWE,CPI,TOT,AGRWTH,A,1977,11.44,Sweden
SWE,CPI,TOT,AGRWTH,A,1978,10.0,Sweden
SWE,CPI,TOT,AGRWTH,A,1979,7.21,Sweden
SWE,CPI,TOT,AGRWTH,A,1980,13.71,Sweden
SWE,CPI,TOT,AGRWTH,A,1981,12.1,Sweden
SWE,CPI,TOT,AGRWTH,A,1982,8.59,Sweden
SWE,CPI,TOT,AGRWTH,A,1983,8.87,Sweden
SWE,CPI,TOT,AGRWTH,A,1984,8.04,Sweden
SWE,CPI,TOT,AGRWTH,A,1985,7.37,Sweden
SWE,CPI,TOT,AGRWTH,A,1986,4.24,Sweden
SWE,CPI,TOT,AGRWTH,A,1987,4.19,Sweden
SWE,CPI,TOT,AGRWTH,A,1988,5.82,Sweden
SWE,CPI,TOT,AGRWTH,A,1989,6.44,Sweden
SWE,CPI,TOT,AGRWTH,A,1990,10.37,Sweden
SWE,CPI,TOT,AGRWTH,A,1991,9.44,Sweden
SWE,CPI,TOT,AGRWTH,A,1992,2.37,Sweden
SWE,CPI,TOT,AGRWTH,A,1993,4.73,Sweden
SWE,CPI,TOT,AGRWTH,A,1994,2.16,Sweden
SWE,CPI,TOT,AGRWTH,A,1995,2.46,Sweden
SWE,CPI,TOT,AGRWTH,A,1996,0.53,Sweden
SWE,CPI,TOT,AGRWTH,A,1997,0.66,Sweden
SWE,CPI,TOT,AGRWTH,A,1998,-0.27,Sweden
SWE,CPI,TOT,AGRWTH,A,1999,0.46,Sweden
SWE,CPI,TOT,AGRWTH,A,2000,0.9,Sweden
SWE,CPI,TOT,AGRWTH,A,2001,2.41,Sweden
SWE,CPI,TOT,AGRWTH,A,2002,2.16,Sweden
SWE,CPI,TOT,AGRWTH,A,2003,1.93,Sweden
SWE,CPI,TOT,AGRWTH,A,2004,0.37,Sweden
SWE,CPI,TOT,AGRWTH,A,2005,0.45,Sweden
SWE,CPI,TOT,AGRWTH,A,2006,1.36,Sweden
SWE,CPI,TOT,AGRWTH,A,2007,2.21,Sweden
SWE,CPI,TOT,AGRWTH,A,2008,3.44,Sweden
SWE,CPI,TOT,AGRWTH,A,2009,-0.49,Sweden
SWE,CPI,TOT,AGRWTH,A,2010,1.16,Sweden
SWE,CPI,TOT,AGRWTH,A,2011,2.96,Sweden
SWE,CPI,TOT,AGRWTH,A,2012,0.89,Sweden
SWE,CPI,TOT,AGRWTH,A,2013,-0.04,Sweden
SWE,CPI,TOT,AGRWTH,A,2014,-0.18,Sweden
SWE,CPI,TOT,AGRWTH,A,2015,-0.05,Sweden
SWE,CPI,TOT,AGRWTH,A,2016,0.98,Sweden
SWE,CPI,TOT,AGRWTH,A,2017,1.79,Sweden
SWE,CPI,TOT,AGRWTH,A,2018,1.95,Sweden
SWE,CPI,TOT,AGRWTH,A,2019,1.78,Sweden
SWE,CPI,TOT,AGRWTH,A,2020,0.5,Sweden
SWE,CPI,TOT,AGRWTH,A,2021,2.16,Sweden
CHE,CPI,TOT,AGRWTH,A,1956,1.51,Switzerland
CHE,CPI,TOT,AGRWTH,A,1957,1.96,Switzerland
CHE,CPI,TOT,AGRWTH,A,1958,1.84,Switzerland
CHE,CPI,TOT,AGRWTH,A,1959,-0.65,Switzerland
CHE,CPI,TOT,AGRWTH,A,1960,1.44,Switzerland
CHE,CPI,TOT,AGRWTH,A,1961,1.85,Switzerland
CHE,CPI,TOT,AGRWTH,A,1962,4.32,Switzerland
CHE,CPI,TOT,AGRWTH,A,1963,3.44,Switzerland
CHE,CPI,TOT,AGRWTH,A,1964,3.08,Switzerland
CHE,CPI,TOT,AGRWTH,A,1965,3.41,Switzerland
CHE,CPI,TOT,AGRWTH,A,1966,4.78,Switzerland
CHE,CPI,TOT,AGRWTH,A,1967,4.01,Switzerland
CHE,CPI,TOT,AGRWTH,A,1968,2.4,Switzerland
CHE,CPI,TOT,AGRWTH,A,1969,2.49,Switzerland
CHE,CPI,TOT,AGRWTH,A,1970,3.62,Switzerland
CHE,CPI,TOT,AGRWTH,A,1971,6.57,Switzerland
CHE,CPI,TOT,AGRWTH,A,1972,6.66,Switzerland
CHE,CPI,TOT,AGRWTH,A,1973,8.75,Switzerland
CHE,CPI,TOT,AGRWTH,A,1974,9.77,Switzerland
CHE,CPI,TOT,AGRWTH,A,1975,6.7,Switzerland
CHE,CPI,TOT,AGRWTH,A,1976,1.72,Switzerland
CHE,CPI,TOT,AGRWTH,A,1977,1.3,Switzerland
CHE,CPI,TOT,AGRWTH,A,1978,1.03,Switzerland
CHE,CPI,TOT,AGRWTH,A,1979,3.65,Switzerland
CHE,CPI,TOT,AGRWTH,A,1980,4.02,Switzerland
CHE,CPI,TOT,AGRWTH,A,1981,6.49,Switzerland
CHE,CPI,TOT,AGRWTH,A,1982,5.66,Switzerland
CHE,CPI,TOT,AGRWTH,A,1983,2.95,Switzerland
CHE,CPI,TOT,AGRWTH,A,1984,2.93,Switzerland
CHE,CPI,TOT,AGRWTH,A,1985,3.44,Switzerland
CHE,CPI,TOT,AGRWTH,A,1986,0.75,Switzerland
CHE,CPI,TOT,AGRWTH,A,1987,1.44,Switzerland
CHE,CPI,TOT,AGRWTH,A,1988,1.87,Switzerland
CHE,CPI,TOT,AGRWTH,A,1989,3.16,Switzerland
CHE,CPI,TOT,AGRWTH,A,1990,5.4,Switzerland
CHE,CPI,TOT,AGRWTH,A,1991,5.86,Switzerland
CHE,CPI,TOT,AGRWTH,A,1992,4.04,Switzerland
CHE,CPI,TOT,AGRWTH,A,1993,3.29,Switzerland
CHE,CPI,TOT,AGRWTH,A,1994,0.85,Switzerland
CHE,CPI,TOT,AGRWTH,A,1995,1.8,Switzerland
CHE,CPI,TOT,AGRWTH,A,1996,0.81,Switzerland
CHE,CPI,TOT,AGRWTH,A,1997,0.52,Switzerland
CHE,CPI,TOT,AGRWTH,A,1998,0.02,Switzerland
CHE,CPI,TOT,AGRWTH,A,1999,0.81,Switzerland
CHE,CPI,TOT,AGRWTH,A,2000,1.56,Switzerland
CHE,CPI,TOT,AGRWTH,A,2001,0.99,Switzerland
CHE,CPI,TOT,AGRWTH,A,2002,0.64,Switzerland
CHE,CPI,TOT,AGRWTH,A,2003,0.64,Switzerland
CHE,CPI,TOT,AGRWTH,A,2004,0.8,Switzerland
CHE,CPI,TOT,AGRWTH,A,2005,1.17,Switzerland
CHE,CPI,TOT,AGRWTH,A,2006,1.06,Switzerland
CHE,CPI,TOT,AGRWTH,A,2007,0.73,Switzerland
CHE,CPI,TOT,AGRWTH,A,2008,2.43,Switzerland
CHE,CPI,TOT,AGRWTH,A,2009,-0.48,Switzerland
CHE,CPI,TOT,AGRWTH,A,2010,0.69,Switzerland
CHE,CPI,TOT,AGRWTH,A,2011,0.23,Switzerland
CHE,CPI,TOT,AGRWTH,A,2012,-0.69,Switzerland
CHE,CPI,TOT,AGRWTH,A,2013,-0.22,Switzerland
CHE,CPI,TOT,AGRWTH,A,2014,-0.01,Switzerland
CHE,CPI,TOT,AGRWTH,A,2015,-1.14,Switzerland
CHE,CPI,TOT,AGRWTH,A,2016,-0.43,Switzerland
CHE,CPI,TOT,AGRWTH,A,2017,0.53,Switzerland
CHE,CPI,TOT,AGRWTH,A,2018,0.94,Switzerland
CHE,CPI,TOT,AGRWTH,A,2019,0.36,Switzerland
CHE,CPI,TOT,AGRWTH,A,2020,-0.73,Switzerland
CHE,CPI,TOT,AGRWTH,A,2021,0.58,Switzerland
TUR,CPI,TOT,AGRWTH,A,1956,14.52,Turkey
TUR,CPI,TOT,AGRWTH,A,1957,11.64,Turkey
TUR,CPI,TOT,AGRWTH,A,1958,12.4,Turkey
TUR,CPI,TOT,AGRWTH,A,1959,26.65,Turkey
TUR,CPI,TOT,AGRWTH,A,1960,5.66,Turkey
TUR,CPI,TOT,AGRWTH,A,1961,3.17,Turkey
TUR,CPI,TOT,AGRWTH,A,1962,3.89,Turkey
TUR,CPI,TOT,AGRWTH,A,1963,6.36,Turkey
TUR,CPI,TOT,AGRWTH,A,1964,1.12,Turkey
TUR,CPI,TOT,AGRWTH,A,1965,4.56,Turkey
TUR,CPI,TOT,AGRWTH,A,1966,8.47,Turkey
TUR,CPI,TOT,AGRWTH,A,1967,13.97,Turkey
TUR,CPI,TOT,AGRWTH,A,1968,6.05,Turkey
TUR,CPI,TOT,AGRWTH,A,1969,4.92,Turkey
TUR,CPI,TOT,AGRWTH,A,1970,7.92,Turkey
TUR,CPI,TOT,AGRWTH,A,1971,19.01,Turkey
TUR,CPI,TOT,AGRWTH,A,1972,15.42,Turkey
TUR,CPI,TOT,AGRWTH,A,1973,13.94,Turkey
TUR,CPI,TOT,AGRWTH,A,1974,23.9,Turkey
TUR,CPI,TOT,AGRWTH,A,1975,21.23,Turkey
TUR,CPI,TOT,AGRWTH,A,1976,17.46,Turkey
TUR,CPI,TOT,AGRWTH,A,1977,25.99,Turkey
TUR,CPI,TOT,AGRWTH,A,1978,61.9,Turkey
TUR,CPI,TOT,AGRWTH,A,1979,63.54,Turkey
TUR,CPI,TOT,AGRWTH,A,1980,94.26,Turkey
TUR,CPI,TOT,AGRWTH,A,1981,37.61,Turkey
TUR,CPI,TOT,AGRWTH,A,1982,29.14,Turkey
TUR,CPI,TOT,AGRWTH,A,1983,31.39,Turkey
TUR,CPI,TOT,AGRWTH,A,1984,48.39,Turkey
TUR,CPI,TOT,AGRWTH,A,1985,44.96,Turkey
TUR,CPI,TOT,AGRWTH,A,1986,34.61,Turkey
TUR,CPI,TOT,AGRWTH,A,1987,38.86,Turkey
TUR,CPI,TOT,AGRWTH,A,1988,68.81,Turkey
TUR,CPI,TOT,AGRWTH,A,1989,63.27,Turkey
TUR,CPI,TOT,AGRWTH,A,1990,60.3,Turkey
TUR,CPI,TOT,AGRWTH,A,1991,65.98,Turkey
TUR,CPI,TOT,AGRWTH,A,1992,70.08,Turkey
TUR,CPI,TOT,AGRWTH,A,1993,66.09,Turkey
TUR,CPI,TOT,AGRWTH,A,1994,105.22,Turkey
TUR,CPI,TOT,AGRWTH,A,1995,89.11,Turkey
TUR,CPI,TOT,AGRWTH,A,1996,80.41,Turkey
TUR,CPI,TOT,AGRWTH,A,1997,85.67,Turkey
TUR,CPI,TOT,AGRWTH,A,1998,84.64,Turkey
TUR,CPI,TOT,AGRWTH,A,1999,64.87,Turkey
TUR,CPI,TOT,AGRWTH,A,2000,54.92,Turkey
TUR,CPI,TOT,AGRWTH,A,2001,54.4,Turkey
TUR,CPI,TOT,AGRWTH,A,2002,44.96,Turkey
TUR,CPI,TOT,AGRWTH,A,2003,21.6,Turkey
TUR,CPI,TOT,AGRWTH,A,2004,8.6,Turkey
TUR,CPI,TOT,AGRWTH,A,2005,8.18,Turkey
TUR,CPI,TOT,AGRWTH,A,2006,9.6,Turkey
TUR,CPI,TOT,AGRWTH,A,2007,8.76,Turkey
TUR,CPI,TOT,AGRWTH,A,2008,10.44,Turkey
TUR,CPI,TOT,AGRWTH,A,2009,6.25,Turkey
TUR,CPI,TOT,AGRWTH,A,2010,8.57,Turkey
TUR,CPI,TOT,AGRWTH,A,2011,6.47,Turkey
TUR,CPI,TOT,AGRWTH,A,2012,8.89,Turkey
TUR,CPI,TOT,AGRWTH,A,2013,7.49,Turkey
TUR,CPI,TOT,AGRWTH,A,2014,8.85,Turkey
TUR,CPI,TOT,AGRWTH,A,2015,7.67,Turkey
TUR,CPI,TOT,AGRWTH,A,2016,7.78,Turkey
TUR,CPI,TOT,AGRWTH,A,2017,11.14,Turkey
TUR,CPI,TOT,AGRWTH,A,2018,16.33,Turkey
TUR,CPI,TOT,AGRWTH,A,2019,15.18,Turkey
TUR,CPI,TOT,AGRWTH,A,2020,12.28,Turkey
TUR,CPI,TOT,AGRWTH,A,2021,19.6,Turkey
GBR,CPI,TOT,AGRWTH,A,1956,4.98,United Kingdom
GBR,CPI,TOT,AGRWTH,A,1957,3.69,United Kingdom
GBR,CPI,TOT,AGRWTH,A,1958,2.99,United Kingdom
GBR,CPI,TOT,AGRWTH,A,1959,0.58,United Kingdom
GBR,CPI,TOT,AGRWTH,A,1960,1.0,United Kingdom
GBR,CPI,TOT,AGRWTH,A,1961,3.45,United Kingdom
GBR,CPI,TOT,AGRWTH,A,1962,4.2,United Kingdom
GBR,CPI,TOT,AGRWTH,A,1963,2.02,United Kingdom
GBR,CPI,TOT,AGRWTH,A,1964,3.28,United Kingdom
GBR,CPI,TOT,AGRWTH,A,1965,4.77,United Kingdom
GBR,CPI,TOT,AGRWTH,A,1966,3.91,United Kingdom
GBR,CPI,TOT,AGRWTH,A,1967,2.48,United Kingdom
GBR,CPI,TOT,AGRWTH,A,1968,4.7,United Kingdom
GBR,CPI,TOT,AGRWTH,A,1969,5.45,United Kingdom
GBR,CPI,TOT,AGRWTH,A,1970,6.37,United Kingdom
GBR,CPI,TOT,AGRWTH,A,1971,9.44,United Kingdom
GBR,CPI,TOT,AGRWTH,A,1972,7.07,United Kingdom
GBR,CPI,TOT,AGRWTH,A,1973,9.2,United Kingdom
GBR,CPI,TOT,AGRWTH,A,1974,16.04,United Kingdom
GBR,CPI,TOT,AGRWTH,A,1975,24.21,United Kingdom
GBR,CPI,TOT,AGRWTH,A,1976,16.56,United Kingdom
GBR,CPI,TOT,AGRWTH,A,1977,15.84,United Kingdom
GBR,CPI,TOT,AGRWTH,A,1978,8.26,United Kingdom
GBR,CPI,TOT,AGRWTH,A,1979,13.42,United Kingdom
GBR,CPI,TOT,AGRWTH,A,1980,17.97,United Kingdom
GBR,CPI,TOT,AGRWTH,A,1981,11.88,United Kingdom
GBR,CPI,TOT,AGRWTH,A,1982,8.6,United Kingdom
GBR,CPI,TOT,AGRWTH,A,1983,4.61,United Kingdom
GBR,CPI,TOT,AGRWTH,A,1984,4.96,United Kingdom
GBR,CPI,TOT,AGRWTH,A,1985,6.07,United Kingdom
GBR,CPI,TOT,AGRWTH,A,1986,3.43,United Kingdom
GBR,CPI,TOT,AGRWTH,A,1987,4.15,United Kingdom
GBR,CPI,TOT,AGRWTH,A,1988,4.21,United Kingdom
GBR,CPI,TOT,AGRWTH,A,1989,5.7,United Kingdom
GBR,CPI,TOT,AGRWTH,A,1990,8.0,United Kingdom
GBR,CPI,TOT,AGRWTH,A,1991,7.5,United Kingdom
GBR,CPI,TOT,AGRWTH,A,1992,4.6,United Kingdom
GBR,CPI,TOT,AGRWTH,A,1993,2.6,United Kingdom
GBR,CPI,TOT,AGRWTH,A,1994,2.2,United Kingdom
GBR,CPI,TOT,AGRWTH,A,1995,2.7,United Kingdom
GBR,CPI,TOT,AGRWTH,A,1996,2.9,United Kingdom
GBR,CPI,TOT,AGRWTH,A,1997,2.2,United Kingdom
GBR,CPI,TOT,AGRWTH,A,1998,1.8,United Kingdom
GBR,CPI,TOT,AGRWTH,A,1999,1.7,United Kingdom
GBR,CPI,TOT,AGRWTH,A,2000,1.2,United Kingdom
GBR,CPI,TOT,AGRWTH,A,2001,1.6,United Kingdom
GBR,CPI,TOT,AGRWTH,A,2002,1.5,United Kingdom
GBR,CPI,TOT,AGRWTH,A,2003,1.4,United Kingdom
GBR,CPI,TOT,AGRWTH,A,2004,1.4,United Kingdom
GBR,CPI,TOT,AGRWTH,A,2005,2.1,United Kingdom
GBR,CPI,TOT,AGRWTH,A,2006,2.5,United Kingdom
GBR,CPI,TOT,AGRWTH,A,2007,2.4,United Kingdom
GBR,CPI,TOT,AGRWTH,A,2008,3.5,United Kingdom
GBR,CPI,TOT,AGRWTH,A,2009,2.0,United Kingdom
GBR,CPI,TOT,AGRWTH,A,2010,2.5,United Kingdom
GBR,CPI,TOT,AGRWTH,A,2011,3.8,United Kingdom
GBR,CPI,TOT,AGRWTH,A,2012,2.6,United Kingdom
GBR,CPI,TOT,AGRWTH,A,2013,2.3,United Kingdom
GBR,CPI,TOT,AGRWTH,A,2014,1.5,United Kingdom
GBR,CPI,TOT,AGRWTH,A,2015,0.4,United Kingdom
GBR,CPI,TOT,AGRWTH,A,2016,1.0,United Kingdom
GBR,CPI,TOT,AGRWTH,A,2017,2.6,United Kingdom
GBR,CPI,TOT,AGRWTH,A,2018,2.3,United Kingdom
GBR,CPI,TOT,AGRWTH,A,2019,1.7,United Kingdom
GBR,CPI,TOT,AGRWTH,A,2020,1.0,United Kingdom
GBR,CPI,TOT,AGRWTH,A,2021,2.5,United Kingdom
USA,CPI,TOT,AGRWTH,A,1956,1.53,United States of America
USA,CPI,TOT,AGRWTH,A,1957,3.34,United States of America
USA,CPI,TOT,AGRWTH,A,1958,2.73,United States of America
USA,CPI,TOT,AGRWTH,A,1959,1.01,United States of America
USA,CPI,TOT,AGRWTH,A,1960,1.46,United States of America
USA,CPI,TOT,AGRWTH,A,1961,1.07,United States of America
USA,CPI,TOT,AGRWTH,A,1962,1.2,United States of America
USA,CPI,TOT,AGRWTH,A,1963,1.24,United States of America
USA,CPI,TOT,AGRWTH,A,1964,1.28,United States of America
USA,CPI,TOT,AGRWTH,A,1965,1.59,United States of America
USA,CPI,TOT,AGRWTH,A,1966,3.02,United States of America
USA,CPI,TOT,AGRWTH,A,1967,2.77,United States of America
USA,CPI,TOT,AGRWTH,A,1968,4.27,United States of America
USA,CPI,TOT,AGRWTH,A,1969,5.46,United States of America
USA,CPI,TOT,AGRWTH,A,1970,5.84,United States of America
USA,CPI,TOT,AGRWTH,A,1971,4.29,United States of America
USA,CPI,TOT,AGRWTH,A,1972,3.27,United States of America
USA,CPI,TOT,AGRWTH,A,1973,6.18,United States of America
USA,CPI,TOT,AGRWTH,A,1974,11.05,United States of America
USA,CPI,TOT,AGRWTH,A,1975,9.14,United States of America
USA,CPI,TOT,AGRWTH,A,1976,5.74,United States of America
USA,CPI,TOT,AGRWTH,A,1977,6.5,United States of America
USA,CPI,TOT,AGRWTH,A,1978,7.63,United States of America
USA,CPI,TOT,AGRWTH,A,1979,11.25,United States of America
USA,CPI,TOT,AGRWTH,A,1980,13.55,United States of America
USA,CPI,TOT,AGRWTH,A,1981,10.33,United States of America
USA,CPI,TOT,AGRWTH,A,1982,6.13,United States of America
USA,CPI,TOT,AGRWTH,A,1983,3.21,United States of America
USA,CPI,TOT,AGRWTH,A,1984,4.3,United States of America
USA,CPI,TOT,AGRWTH,A,1985,3.55,United States of America
USA,CPI,TOT,AGRWTH,A,1986,1.9,United States of America
USA,CPI,TOT,AGRWTH,A,1987,3.66,United States of America
USA,CPI,TOT,AGRWTH,A,1988,4.08,United States of America
USA,CPI,TOT,AGRWTH,A,1989,4.83,United States of America
USA,CPI,TOT,AGRWTH,A,1990,5.4,United States of America
USA,CPI,TOT,AGRWTH,A,1991,4.23,United States of America
USA,CPI,TOT,AGRWTH,A,1992,3.03,United States of America
USA,CPI,TOT,AGRWTH,A,1993,2.95,United States of America
USA,CPI,TOT,AGRWTH,A,1994,2.61,United States of America
USA,CPI,TOT,AGRWTH,A,1995,2.81,United States of America
USA,CPI,TOT,AGRWTH,A,1996,2.93,United States of America
USA,CPI,TOT,AGRWTH,A,1997,2.34,United States of America
USA,CPI,TOT,AGRWTH,A,1998,1.55,United States of America
USA,CPI,TOT,AGRWTH,A,1999,2.19,United States of America
USA,CPI,TOT,AGRWTH,A,2000,3.38,United States of America
USA,CPI,TOT,AGRWTH,A,2001,2.83,United States of America
USA,CPI,TOT,AGRWTH,A,2002,1.59,United States of America
USA,CPI,TOT,AGRWTH,A,2003,2.27,United States of America
USA,CPI,TOT,AGRWTH,A,2004,2.68,United States of America
USA,CPI,TOT,AGRWTH,A,2005,3.39,United States of America
USA,CPI,TOT,AGRWTH,A,2006,3.23,United States of America
USA,CPI,TOT,AGRWTH,A,2007,2.85,United States of America
USA,CPI,TOT,AGRWTH,A,2008,3.84,United States of America
USA,CPI,TOT,AGRWTH,A,2009,-0.36,United States of America
USA,CPI,TOT,AGRWTH,A,2010,1.64,United States of America
USA,CPI,TOT,AGRWTH,A,2011,3.16,United States of America
USA,CPI,TOT,AGRWTH,A,2012,2.07,United States of America
USA,CPI,TOT,AGRWTH,A,2013,1.46,United States of America
USA,CPI,TOT,AGRWTH,A,2014,1.62,United States of America
USA,CPI,TOT,AGRWTH,A,2015,0.12,United States of America
USA,CPI,TOT,AGRWTH,A,2016,1.26,United States of America
USA,CPI,TOT,AGRWTH,A,2017,2.13,United States of America
USA,CPI,TOT,AGRWTH,A,2018,2.44,United States of America
USA,CPI,TOT,AGRWTH,A,2019,1.81,United States of America
USA,CPI,TOT,AGRWTH,A,2020,1.23,United States of America
USA,CPI,TOT,AGRWTH,A,2021,4.7,United States of America
BRA,CPI,TOT,AGRWTH,A,1995,66.01,Brazil
BRA,CPI,TOT,AGRWTH,A,1996,15.76,Brazil
BRA,CPI,TOT,AGRWTH,A,1997,6.93,Brazil
BRA,CPI,TOT,AGRWTH,A,1998,3.2,Brazil
BRA,CPI,TOT,AGRWTH,A,1999,4.86,Brazil
BRA,CPI,TOT,AGRWTH,A,2000,7.04,Brazil
BRA,CPI,TOT,AGRWTH,A,2001,6.84,Brazil
BRA,CPI,TOT,AGRWTH,A,2002,8.45,Brazil
BRA,CPI,TOT,AGRWTH,A,2003,14.71,Brazil
BRA,CPI,TOT,AGRWTH,A,2004,6.6,Brazil
BRA,CPI,TOT,AGRWTH,A,2005,6.87,Brazil
BRA,CPI,TOT,AGRWTH,A,2006,4.18,Brazil
BRA,CPI,TOT,AGRWTH,A,2007,3.64,Brazil
BRA,CPI,TOT,AGRWTH,A,2008,5.68,Brazil
BRA,CPI,TOT,AGRWTH,A,2009,4.89,Brazil
BRA,CPI,TOT,AGRWTH,A,2010,5.04,Brazil
BRA,CPI,TOT,AGRWTH,A,2011,6.64,Brazil
BRA,CPI,TOT,AGRWTH,A,2012,5.4,Brazil
BRA,CPI,TOT,AGRWTH,A,2013,6.2,Brazil
BRA,CPI,TOT,AGRWTH,A,2014,6.33,Brazil
BRA,CPI,TOT,AGRWTH,A,2015,9.03,Brazil
BRA,CPI,TOT,AGRWTH,A,2016,8.74,Brazil
BRA,CPI,TOT,AGRWTH,A,2017,3.45,Brazil
BRA,CPI,TOT,AGRWTH,A,2018,3.66,Brazil
BRA,CPI,TOT,AGRWTH,A,2019,3.73,Brazil
BRA,CPI,TOT,AGRWTH,A,2020,3.21,Brazil
BRA,CPI,TOT,AGRWTH,A,2021,8.3,Brazil
CHL,CPI,TOT,AGRWTH,A,1978,40.09,Chile
CHL,CPI,TOT,AGRWTH,A,1979,33.39,Chile
CHL,CPI,TOT,AGRWTH,A,1980,35.14,Chile
CHL,CPI,TOT,AGRWTH,A,1981,19.69,Chile
CHL,CPI,TOT,AGRWTH,A,1982,9.94,Chile
CHL,CPI,TOT,AGRWTH,A,1983,27.26,Chile
CHL,CPI,TOT,AGRWTH,A,1984,19.86,Chile
CHL,CPI,TOT,AGRWTH,A,1985,30.7,Chile
CHL,CPI,TOT,AGRWTH,A,1986,19.48,Chile
CHL,CPI,TOT,AGRWTH,A,1987,19.88,Chile
CHL,CPI,TOT,AGRWTH,A,1988,14.68,Chile
CHL,CPI,TOT,AGRWTH,A,1989,17.03,Chile
CHL,CPI,TOT,AGRWTH,A,1990,26.04,Chile
CHL,CPI,TOT,AGRWTH,A,1991,21.78,Chile
CHL,CPI,TOT,AGRWTH,A,1992,15.43,Chile
CHL,CPI,TOT,AGRWTH,A,1993,12.73,Chile
CHL,CPI,TOT,AGRWTH,A,1994,11.44,Chile
CHL,CPI,TOT,AGRWTH,A,1995,8.23,Chile
CHL,CPI,TOT,AGRWTH,A,1996,7.36,Chile
CHL,CPI,TOT,AGRWTH,A,1997,6.13,Chile
CHL,CPI,TOT,AGRWTH,A,1998,5.11,Chile
CHL,CPI,TOT,AGRWTH,A,1999,3.34,Chile
CHL,CPI,TOT,AGRWTH,A,2000,3.84,Chile
CHL,CPI,TOT,AGRWTH,A,2001,3.57,Chile
CHL,CPI,TOT,AGRWTH,A,2002,2.49,Chile
CHL,CPI,TOT,AGRWTH,A,2003,2.81,Chile
CHL,CPI,TOT,AGRWTH,A,2004,1.05,Chile
CHL,CPI,TOT,AGRWTH,A,2005,3.05,Chile
CHL,CPI,TOT,AGRWTH,A,2006,3.39,Chile
CHL,CPI,TOT,AGRWTH,A,2007,4.41,Chile
CHL,CPI,TOT,AGRWTH,A,2008,8.72,Chile
CHL,CPI,TOT,AGRWTH,A,2009,0.35,Chile
CHL,CPI,TOT,AGRWTH,A,2010,1.41,Chile
CHL,CPI,TOT,AGRWTH,A,2011,3.34,Chile
CHL,CPI,TOT,AGRWTH,A,2012,3.01,Chile
CHL,CPI,TOT,AGRWTH,A,2013,1.79,Chile
CHL,CPI,TOT,AGRWTH,A,2014,4.72,Chile
CHL,CPI,TOT,AGRWTH,A,2015,4.35,Chile
CHL,CPI,TOT,AGRWTH,A,2016,3.79,Chile
CHL,CPI,TOT,AGRWTH,A,2017,2.18,Chile
CHL,CPI,TOT,AGRWTH,A,2018,2.43,Chile
CHL,CPI,TOT,AGRWTH,A,2019,2.56,Chile
CHL,CPI,TOT,AGRWTH,A,2020,3.05,Chile
CHL,CPI,TOT,AGRWTH,A,2021,4.52,Chile
CHN,CPI,TOT,AGRWTH,A,1985,9.3,China
CHN,CPI,TOT,AGRWTH,A,1986,6.5,China
CHN,CPI,TOT,AGRWTH,A,1987,7.3,China
CHN,CPI,TOT,AGRWTH,A,1988,18.8,China
CHN,CPI,TOT,AGRWTH,A,1989,18.0,China
CHN,CPI,TOT,AGRWTH,A,1990,3.1,China
CHN,CPI,TOT,AGRWTH,A,1991,3.4,China
CHN,CPI,TOT,AGRWTH,A,1992,6.4,China
CHN,CPI,TOT,AGRWTH,A,1993,14.7,China
CHN,CPI,TOT,AGRWTH,A,1994,24.1,China
CHN,CPI,TOT,AGRWTH,A,1995,17.1,China
CHN,CPI,TOT,AGRWTH,A,1996,8.3,China
CHN,CPI,TOT,AGRWTH,A,1997,2.8,China
CHN,CPI,TOT,AGRWTH,A,1998,-0.8,China
CHN,CPI,TOT,AGRWTH,A,1999,-1.4,China
CHN,CPI,TOT,AGRWTH,A,2000,0.4,China
CHN,CPI,TOT,AGRWTH,A,2001,0.7,China
CHN,CPI,TOT,AGRWTH,A,2002,-0.8,China
CHN,CPI,TOT,AGRWTH,A,2003,1.2,China
CHN,CPI,TOT,AGRWTH,A,2004,3.9,China
CHN,CPI,TOT,AGRWTH,A,2005,1.8,China
CHN,CPI,TOT,AGRWTH,A,2006,1.5,China
CHN,CPI,TOT,AGRWTH,A,2007,4.8,China
CHN,CPI,TOT,AGRWTH,A,2008,5.9,China
CHN,CPI,TOT,AGRWTH,A,2009,-0.7,China
CHN,CPI,TOT,AGRWTH,A,2010,3.3,China
CHN,CPI,TOT,AGRWTH,A,2011,5.4,China
CHN,CPI,TOT,AGRWTH,A,2012,2.6,China
CHN,CPI,TOT,AGRWTH,A,2013,2.6,China
CHN,CPI,TOT,AGRWTH,A,2014,2.0,China
CHN,CPI,TOT,AGRWTH,A,2015,1.4,China
CHN,CPI,TOT,AGRWTH,A,2016,2.0,China
CHN,CPI,TOT,AGRWTH,A,2017,1.6,China
CHN,CPI,TOT,AGRWTH,A,2018,2.1,China
CHN,CPI,TOT,AGRWTH,A,2019,2.9,China
CHN,CPI,TOT,AGRWTH,A,2020,2.5,China
CHN,CPI,TOT,AGRWTH,A,2021,0.9,China
EST,CPI,TOT,AGRWTH,A,1998,8.74,Estonia
EST,CPI,TOT,AGRWTH,A,1999,3.3,Estonia
EST,CPI,TOT,AGRWTH,A,2000,4.02,Estonia
EST,CPI,TOT,AGRWTH,A,2001,5.75,Estonia
EST,CPI,TOT,AGRWTH,A,2002,3.57,Estonia
EST,CPI,TOT,AGRWTH,A,2003,1.33,Estonia
EST,CPI,TOT,AGRWTH,A,2004,3.05,Estonia
EST,CPI,TOT,AGRWTH,A,2005,4.08,Estonia
EST,CPI,TOT,AGRWTH,A,2006,4.44,Estonia
EST,CPI,TOT,AGRWTH,A,2007,6.6,Estonia
EST,CPI,TOT,AGRWTH,A,2008,10.36,Estonia
EST,CPI,TOT,AGRWTH,A,2009,-0.08,Estonia
EST,CPI,TOT,AGRWTH,A,2010,2.97,Estonia
EST,CPI,TOT,AGRWTH,A,2011,4.98,Estonia
EST,CPI,TOT,AGRWTH,A,2012,3.93,Estonia
EST,CPI,TOT,AGRWTH,A,2013,2.78,Estonia
EST,CPI,TOT,AGRWTH,A,2014,-0.11,Estonia
EST,CPI,TOT,AGRWTH,A,2015,-0.49,Estonia
EST,CPI,TOT,AGRWTH,A,2016,0.15,Estonia
EST,CPI,TOT,AGRWTH,A,2017,3.42,Estonia
EST,CPI,TOT,AGRWTH,A,2018,3.44,Estonia
EST,CPI,TOT,AGRWTH,A,2019,2.28,Estonia
EST,CPI,TOT,AGRWTH,A,2020,-0.44,Estonia
EST,CPI,TOT,AGRWTH,A,2021,4.65,Estonia
IND,CPI,TOT,AGRWTH,A,1958,4.78,India
IND,CPI,TOT,AGRWTH,A,1959,4.56,India
IND,CPI,TOT,AGRWTH,A,1960,1.78,India
IND,CPI,TOT,AGRWTH,A,1961,1.7,India
IND,CPI,TOT,AGRWTH,A,1962,3.63,India
IND,CPI,TOT,AGRWTH,A,1963,2.95,India
IND,CPI,TOT,AGRWTH,A,1964,13.36,India
IND,CPI,TOT,AGRWTH,A,1965,9.47,India
IND,CPI,TOT,AGRWTH,A,1966,10.8,India
IND,CPI,TOT,AGRWTH,A,1967,13.06,India
IND,CPI,TOT,AGRWTH,A,1968,3.24,India
IND,CPI,TOT,AGRWTH,A,1969,-0.58,India
IND,CPI,TOT,AGRWTH,A,1970,5.09,India
IND,CPI,TOT,AGRWTH,A,1971,3.08,India
IND,CPI,TOT,AGRWTH,A,1972,6.44,India
IND,CPI,TOT,AGRWTH,A,1973,16.94,India
IND,CPI,TOT,AGRWTH,A,1974,28.6,India
IND,CPI,TOT,AGRWTH,A,1975,5.75,India
IND,CPI,TOT,AGRWTH,A,1976,-7.63,India
IND,CPI,TOT,AGRWTH,A,1977,8.31,India
IND,CPI,TOT,AGRWTH,A,1978,2.52,India
IND,CPI,TOT,AGRWTH,A,1979,6.28,India
IND,CPI,TOT,AGRWTH,A,1980,11.35,India
IND,CPI,TOT,AGRWTH,A,1981,13.11,India
IND,CPI,TOT,AGRWTH,A,1982,7.89,India
IND,CPI,TOT,AGRWTH,A,1983,11.87,India
IND,CPI,TOT,AGRWTH,A,1984,8.32,India
IND,CPI,TOT,AGRWTH,A,1985,5.56,India
IND,CPI,TOT,AGRWTH,A,1986,8.73,India
IND,CPI,TOT,AGRWTH,A,1987,8.8,India
IND,CPI,TOT,AGRWTH,A,1988,9.38,India
IND,CPI,TOT,AGRWTH,A,1989,7.07,India
IND,CPI,TOT,AGRWTH,A,1990,8.97,India
IND,CPI,TOT,AGRWTH,A,1991,13.87,India
IND,CPI,TOT,AGRWTH,A,1992,11.79,India
IND,CPI,TOT,AGRWTH,A,1993,6.33,India
IND,CPI,TOT,AGRWTH,A,1994,10.25,India
IND,CPI,TOT,AGRWTH,A,1995,10.22,India
IND,CPI,TOT,AGRWTH,A,1996,8.98,India
IND,CPI,TOT,AGRWTH,A,1997,7.16,India
IND,CPI,TOT,AGRWTH,A,1998,13.23,India
IND,CPI,TOT,AGRWTH,A,1999,4.67,India
IND,CPI,TOT,AGRWTH,A,2000,4.01,India
IND,CPI,TOT,AGRWTH,A,2001,3.78,India
IND,CPI,TOT,AGRWTH,A,2002,4.3,India
IND,CPI,TOT,AGRWTH,A,2003,3.81,India
IND,CPI,TOT,AGRWTH,A,2004,3.77,India
IND,CPI,TOT,AGRWTH,A,2005,4.25,India
IND,CPI,TOT,AGRWTH,A,2006,5.8,India
IND,CPI,TOT,AGRWTH,A,2007,6.37,India
IND,CPI,TOT,AGRWTH,A,2008,8.35,India
IND,CPI,TOT,AGRWTH,A,2009,10.88,India
IND,CPI,TOT,AGRWTH,A,2010,11.99,India
IND,CPI,TOT,AGRWTH,A,2011,8.86,India
IND,CPI,TOT,AGRWTH,A,2012,9.31,India
IND,CPI,TOT,AGRWTH,A,2013,10.91,India
IND,CPI,TOT,AGRWTH,A,2014,6.35,India
IND,CPI,TOT,AGRWTH,A,2015,5.87,India
IND,CPI,TOT,AGRWTH,A,2016,4.94,India
IND,CPI,TOT,AGRWTH,A,2017,2.49,India
IND,CPI,TOT,AGRWTH,A,2018,4.86,India
IND,CPI,TOT,AGRWTH,A,2019,7.66,India
IND,CPI,TOT,AGRWTH,A,2020,5.56,India
IND,CPI,TOT,AGRWTH,A,2021,4.89,India
IDN,CPI,TOT,AGRWTH,A,1969,15.48,Indonesia
IDN,CPI,TOT,AGRWTH,A,1970,12.4,Indonesia
IDN,CPI,TOT,AGRWTH,A,1971,4.23,Indonesia
IDN,CPI,TOT,AGRWTH,A,1972,6.52,Indonesia
IDN,CPI,TOT,AGRWTH,A,1973,31.04,Indonesia
IDN,CPI,TOT,AGRWTH,A,1974,40.49,Indonesia
IDN,CPI,TOT,AGRWTH,A,1975,19.17,Indonesia
IDN,CPI,TOT,AGRWTH,A,1976,19.83,Indonesia
IDN,CPI,TOT,AGRWTH,A,1977,11.05,Indonesia
IDN,CPI,TOT,AGRWTH,A,1978,8.11,Indonesia
IDN,CPI,TOT,AGRWTH,A,1979,16.23,Indonesia
IDN,CPI,TOT,AGRWTH,A,1980,18.04,Indonesia
IDN,CPI,TOT,AGRWTH,A,1981,12.27,Indonesia
IDN,CPI,TOT,AGRWTH,A,1982,9.45,Indonesia
IDN,CPI,TOT,AGRWTH,A,1983,11.8,Indonesia
IDN,CPI,TOT,AGRWTH,A,1984,10.46,Indonesia
IDN,CPI,TOT,AGRWTH,A,1985,4.72,Indonesia
IDN,CPI,TOT,AGRWTH,A,1986,5.82,Indonesia
IDN,CPI,TOT,AGRWTH,A,1987,9.28,Indonesia
IDN,CPI,TOT,AGRWTH,A,1988,8.05,Indonesia
IDN,CPI,TOT,AGRWTH,A,1989,6.42,Indonesia
IDN,CPI,TOT,AGRWTH,A,1990,7.82,Indonesia
IDN,CPI,TOT,AGRWTH,A,1991,9.42,Indonesia
IDN,CPI,TOT,AGRWTH,A,1992,7.52,Indonesia
IDN,CPI,TOT,AGRWTH,A,1993,9.67,Indonesia
IDN,CPI,TOT,AGRWTH,A,1994,8.53,Indonesia
IDN,CPI,TOT,AGRWTH,A,1995,9.42,Indonesia
IDN,CPI,TOT,AGRWTH,A,1996,7.97,Indonesia
IDN,CPI,TOT,AGRWTH,A,1997,6.23,Indonesia
IDN,CPI,TOT,AGRWTH,A,1998,58.45,Indonesia
IDN,CPI,TOT,AGRWTH,A,1999,20.48,Indonesia
IDN,CPI,TOT,AGRWTH,A,2000,3.69,Indonesia
IDN,CPI,TOT,AGRWTH,A,2001,11.5,Indonesia
IDN,CPI,TOT,AGRWTH,A,2002,11.9,Indonesia
IDN,CPI,TOT,AGRWTH,A,2003,6.76,Indonesia
IDN,CPI,TOT,AGRWTH,A,2004,6.06,Indonesia
IDN,CPI,TOT,AGRWTH,A,2005,10.45,Indonesia
IDN,CPI,TOT,AGRWTH,A,2006,13.11,Indonesia
IDN,CPI,TOT,AGRWTH,A,2007,6.41,Indonesia
IDN,CPI,TOT,AGRWTH,A,2008,10.23,Indonesia
IDN,CPI,TOT,AGRWTH,A,2009,4.39,Indonesia
IDN,CPI,TOT,AGRWTH,A,2010,5.13,Indonesia
IDN,CPI,TOT,AGRWTH,A,2011,5.36,Indonesia
IDN,CPI,TOT,AGRWTH,A,2012,4.28,Indonesia
IDN,CPI,TOT,AGRWTH,A,2013,6.41,Indonesia
IDN,CPI,TOT,AGRWTH,A,2014,6.39,Indonesia
IDN,CPI,TOT,AGRWTH,A,2015,6.36,Indonesia
IDN,CPI,TOT,AGRWTH,A,2016,3.53,Indonesia
IDN,CPI,TOT,AGRWTH,A,2017,3.81,Indonesia
IDN,CPI,TOT,AGRWTH,A,2018,3.2,Indonesia
IDN,CPI,TOT,AGRWTH,A,2019,3.03,Indonesia
IDN,CPI,TOT,AGRWTH,A,2020,1.92,Indonesia
IDN,CPI,TOT,AGRWTH,A,2021,1.56,Indonesia
ISR,CPI,TOT,AGRWTH,A,1971,11.97,Israel
ISR,CPI,TOT,AGRWTH,A,1972,12.88,Israel
ISR,CPI,TOT,AGRWTH,A,1973,20.03,Israel
ISR,CPI,TOT,AGRWTH,A,1974,39.68,Israel
ISR,CPI,TOT,AGRWTH,A,1975,39.31,Israel
ISR,CPI,TOT,AGRWTH,A,1976,31.31,Israel
ISR,CPI,TOT,AGRWTH,A,1977,34.62,Israel
ISR,CPI,TOT,AGRWTH,A,1978,50.55,Israel
ISR,CPI,TOT,AGRWTH,A,1979,78.31,Israel
ISR,CPI,TOT,AGRWTH,A,1986,47.96,Israel
ISR,CPI,TOT,AGRWTH,A,1987,19.09,Israel
ISR,CPI,TOT,AGRWTH,A,1988,16.44,Israel
ISR,CPI,TOT,AGRWTH,A,1989,20.3,Israel
ISR,CPI,TOT,AGRWTH,A,1990,17.26,Israel
ISR,CPI,TOT,AGRWTH,A,1991,19.02,Israel
ISR,CPI,TOT,AGRWTH,A,1992,12.02,Israel
ISR,CPI,TOT,AGRWTH,A,1993,10.98,Israel
ISR,CPI,TOT,AGRWTH,A,1994,12.28,Israel
ISR,CPI,TOT,AGRWTH,A,1995,9.94,Israel
ISR,CPI,TOT,AGRWTH,A,1996,11.4,Israel
ISR,CPI,TOT,AGRWTH,A,1997,8.96,Israel
ISR,CPI,TOT,AGRWTH,A,1998,5.5,Israel
ISR,CPI,TOT,AGRWTH,A,1999,5.18,Israel
ISR,CPI,TOT,AGRWTH,A,2000,1.05,Israel
ISR,CPI,TOT,AGRWTH,A,2001,1.15,Israel
ISR,CPI,TOT,AGRWTH,A,2002,5.76,Israel
ISR,CPI,TOT,AGRWTH,A,2003,0.73,Israel
ISR,CPI,TOT,AGRWTH,A,2004,-0.41,Israel
ISR,CPI,TOT,AGRWTH,A,2005,1.31,Israel
ISR,CPI,TOT,AGRWTH,A,2006,2.06,Israel
ISR,CPI,TOT,AGRWTH,A,2007,0.46,Israel
ISR,CPI,TOT,AGRWTH,A,2008,4.56,Israel
ISR,CPI,TOT,AGRWTH,A,2009,3.34,Israel
ISR,CPI,TOT,AGRWTH,A,2010,2.72,Israel
ISR,CPI,TOT,AGRWTH,A,2011,3.48,Israel
ISR,CPI,TOT,AGRWTH,A,2012,1.69,Israel
ISR,CPI,TOT,AGRWTH,A,2013,1.58,Israel
ISR,CPI,TOT,AGRWTH,A,2014,0.49,Israel
ISR,CPI,TOT,AGRWTH,A,2015,-0.63,Israel
ISR,CPI,TOT,AGRWTH,A,2016,-0.55,Israel
ISR,CPI,TOT,AGRWTH,A,2017,0.24,Israel
ISR,CPI,TOT,AGRWTH,A,2018,0.82,Israel
ISR,CPI,TOT,AGRWTH,A,2019,0.84,Israel
ISR,CPI,TOT,AGRWTH,A,2020,-0.59,Israel
ISR,CPI,TOT,AGRWTH,A,2021,1.49,Israel
RUS,CPI,TOT,AGRWTH,A,1996,47.75,Russia
RUS,CPI,TOT,AGRWTH,A,1997,14.76,Russia
RUS,CPI,TOT,AGRWTH,A,1998,27.69,Russia
RUS,CPI,TOT,AGRWTH,A,1999,85.75,Russia
RUS,CPI,TOT,AGRWTH,A,2000,20.8,Russia
RUS,CPI,TOT,AGRWTH,A,2001,21.48,Russia
RUS,CPI,TOT,AGRWTH,A,2002,15.79,Russia
RUS,CPI,TOT,AGRWTH,A,2003,13.66,Russia
RUS,CPI,TOT,AGRWTH,A,2004,10.89,Russia
RUS,CPI,TOT,AGRWTH,A,2005,12.69,Russia
RUS,CPI,TOT,AGRWTH,A,2006,9.67,Russia
RUS,CPI,TOT,AGRWTH,A,2007,9.01,Russia
RUS,CPI,TOT,AGRWTH,A,2008,14.11,Russia
RUS,CPI,TOT,AGRWTH,A,2009,11.65,Russia
RUS,CPI,TOT,AGRWTH,A,2010,6.85,Russia
RUS,CPI,TOT,AGRWTH,A,2011,8.44,Russia
RUS,CPI,TOT,AGRWTH,A,2012,5.07,Russia
RUS,CPI,TOT,AGRWTH,A,2013,6.75,Russia
RUS,CPI,TOT,AGRWTH,A,2014,7.82,Russia
RUS,CPI,TOT,AGRWTH,A,2015,15.53,Russia
RUS,CPI,TOT,AGRWTH,A,2016,7.04,Russia
RUS,CPI,TOT,AGRWTH,A,2017,3.68,Russia
RUS,CPI,TOT,AGRWTH,A,2018,2.88,Russia
RUS,CPI,TOT,AGRWTH,A,2019,4.47,Russia
RUS,CPI,TOT,AGRWTH,A,2020,3.38,Russia
RUS,CPI,TOT,AGRWTH,A,2021,6.69,Russia
SVN,CPI,TOT,AGRWTH,A,1993,31.76,Slovenia
SVN,CPI,TOT,AGRWTH,A,1994,20.99,Slovenia
SVN,CPI,TOT,AGRWTH,A,1995,13.46,Slovenia
SVN,CPI,TOT,AGRWTH,A,1996,9.86,Slovenia
SVN,CPI,TOT,AGRWTH,A,1997,8.36,Slovenia
SVN,CPI,TOT,AGRWTH,A,1998,7.89,Slovenia
SVN,CPI,TOT,AGRWTH,A,1999,6.16,Slovenia
SVN,CPI,TOT,AGRWTH,A,2000,8.91,Slovenia
SVN,CPI,TOT,AGRWTH,A,2001,8.38,Slovenia
SVN,CPI,TOT,AGRWTH,A,2002,7.48,Slovenia
SVN,CPI,TOT,AGRWTH,A,2003,5.54,Slovenia
SVN,CPI,TOT,AGRWTH,A,2004,3.59,Slovenia
SVN,CPI,TOT,AGRWTH,A,2005,2.45,Slovenia
SVN,CPI,TOT,AGRWTH,A,2006,2.46,Slovenia
SVN,CPI,TOT,AGRWTH,A,2007,3.66,Slovenia
SVN,CPI,TOT,AGRWTH,A,2008,5.65,Slovenia
SVN,CPI,TOT,AGRWTH,A,2009,0.84,Slovenia
SVN,CPI,TOT,AGRWTH,A,2010,1.8,Slovenia
SVN,CPI,TOT,AGRWTH,A,2011,1.8,Slovenia
SVN,CPI,TOT,AGRWTH,A,2012,2.6,Slovenia
SVN,CPI,TOT,AGRWTH,A,2013,1.77,Slovenia
SVN,CPI,TOT,AGRWTH,A,2014,0.2,Slovenia
SVN,CPI,TOT,AGRWTH,A,2015,-0.53,Slovenia
SVN,CPI,TOT,AGRWTH,A,2016,-0.05,Slovenia
SVN,CPI,TOT,AGRWTH,A,2017,1.43,Slovenia
SVN,CPI,TOT,AGRWTH,A,2018,1.74,Slovenia
SVN,CPI,TOT,AGRWTH,A,2019,1.63,Slovenia
SVN,CPI,TOT,AGRWTH,A,2020,-0.05,Slovenia
SVN,CPI,TOT,AGRWTH,A,2021,1.92,Slovenia
ZAF,CPI,TOT,AGRWTH,A,1958,3.46,South Africa
ZAF,CPI,TOT,AGRWTH,A,1959,1.22,South Africa
ZAF,CPI,TOT,AGRWTH,A,1960,1.29,South Africa
ZAF,CPI,TOT,AGRWTH,A,1961,2.1,South Africa
ZAF,CPI,TOT,AGRWTH,A,1962,1.25,South Africa
ZAF,CPI,TOT,AGRWTH,A,1963,1.34,South Africa
ZAF,CPI,TOT,AGRWTH,A,1964,2.53,South Africa
ZAF,CPI,TOT,AGRWTH,A,1965,4.07,South Africa
ZAF,CPI,TOT,AGRWTH,A,1966,3.49,South Africa
ZAF,CPI,TOT,AGRWTH,A,1967,3.54,South Africa
ZAF,CPI,TOT,AGRWTH,A,1968,1.99,South Africa
ZAF,CPI,TOT,AGRWTH,A,1969,3.24,South Africa
ZAF,CPI,TOT,AGRWTH,A,1970,4.99,South Africa
ZAF,CPI,TOT,AGRWTH,A,1971,5.96,South Africa
ZAF,CPI,TOT,AGRWTH,A,1972,6.43,South Africa
ZAF,CPI,TOT,AGRWTH,A,1973,9.43,South Africa
ZAF,CPI,TOT,AGRWTH,A,1974,11.72,South Africa
ZAF,CPI,TOT,AGRWTH,A,1975,13.43,South Africa
ZAF,CPI,TOT,AGRWTH,A,1976,11.02,South Africa
ZAF,CPI,TOT,AGRWTH,A,1977,11.15,South Africa
ZAF,CPI,TOT,AGRWTH,A,1978,11.14,South Africa
ZAF,CPI,TOT,AGRWTH,A,1979,13.29,South Africa
ZAF,CPI,TOT,AGRWTH,A,1980,13.66,South Africa
ZAF,CPI,TOT,AGRWTH,A,1981,15.25,South Africa
ZAF,CPI,TOT,AGRWTH,A,1982,14.64,South Africa
ZAF,CPI,TOT,AGRWTH,A,1983,12.3,South Africa
ZAF,CPI,TOT,AGRWTH,A,1984,11.53,South Africa
ZAF,CPI,TOT,AGRWTH,A,1985,16.29,South Africa
ZAF,CPI,TOT,AGRWTH,A,1986,18.65,South Africa
ZAF,CPI,TOT,AGRWTH,A,1987,16.16,South Africa
ZAF,CPI,TOT,AGRWTH,A,1988,12.78,South Africa
ZAF,CPI,TOT,AGRWTH,A,1989,14.73,South Africa
ZAF,CPI,TOT,AGRWTH,A,1990,14.32,South Africa
ZAF,CPI,TOT,AGRWTH,A,1991,15.33,South Africa
ZAF,CPI,TOT,AGRWTH,A,1992,13.87,South Africa
ZAF,CPI,TOT,AGRWTH,A,1993,9.72,South Africa
ZAF,CPI,TOT,AGRWTH,A,1994,8.94,South Africa
ZAF,CPI,TOT,AGRWTH,A,1995,8.68,South Africa
ZAF,CPI,TOT,AGRWTH,A,1996,7.35,South Africa
ZAF,CPI,TOT,AGRWTH,A,1997,8.6,South Africa
ZAF,CPI,TOT,AGRWTH,A,1998,6.88,South Africa
ZAF,CPI,TOT,AGRWTH,A,1999,5.18,South Africa
ZAF,CPI,TOT,AGRWTH,A,2000,5.34,South Africa
ZAF,CPI,TOT,AGRWTH,A,2001,5.7,South Africa
ZAF,CPI,TOT,AGRWTH,A,2002,9.49,South Africa
ZAF,CPI,TOT,AGRWTH,A,2003,5.68,South Africa
ZAF,CPI,TOT,AGRWTH,A,2004,-0.69,South Africa
ZAF,CPI,TOT,AGRWTH,A,2005,2.06,South Africa
ZAF,CPI,TOT,AGRWTH,A,2006,3.24,South Africa
ZAF,CPI,TOT,AGRWTH,A,2007,6.18,South Africa
ZAF,CPI,TOT,AGRWTH,A,2008,10.07,South Africa
ZAF,CPI,TOT,AGRWTH,A,2009,7.22,South Africa
ZAF,CPI,TOT,AGRWTH,A,2010,4.09,South Africa
ZAF,CPI,TOT,AGRWTH,A,2011,5.0,South Africa
ZAF,CPI,TOT,AGRWTH,A,2012,5.72,South Africa
ZAF,CPI,TOT,AGRWTH,A,2013,5.78,South Africa
ZAF,CPI,TOT,AGRWTH,A,2014,6.13,South Africa
ZAF,CPI,TOT,AGRWTH,A,2015,4.54,South Africa
ZAF,CPI,TOT,AGRWTH,A,2016,6.57,South Africa
ZAF,CPI,TOT,AGRWTH,A,2017,5.18,South Africa
ZAF,CPI,TOT,AGRWTH,A,2018,4.52,South Africa
ZAF,CPI,TOT,AGRWTH,A,2019,4.12,South Africa
ZAF,CPI,TOT,AGRWTH,A,2020,3.21,South Africa
ZAF,CPI,TOT,AGRWTH,A,2021,4.61,South Africa
COL,CPI,TOT,AGRWTH,A,1971,11.94,Colombia
COL,CPI,TOT,AGRWTH,A,1972,12.44,Colombia
COL,CPI,TOT,AGRWTH,A,1973,22.53,Colombia
COL,CPI,TOT,AGRWTH,A,1974,23.87,Colombia
COL,CPI,TOT,AGRWTH,A,1975,23.44,Colombia
COL,CPI,TOT,AGRWTH,A,1976,19.83,Colombia
COL,CPI,TOT,AGRWTH,A,1977,33.8,Colombia
COL,CPI,TOT,AGRWTH,A,1978,17.76,Colombia
COL,CPI,TOT,AGRWTH,A,1979,24.13,Colombia
COL,CPI,TOT,AGRWTH,A,1980,26.55,Colombia
COL,CPI,TOT,AGRWTH,A,1981,27.45,Colombia
COL,CPI,TOT,AGRWTH,A,1982,24.72,Colombia
COL,CPI,TOT,AGRWTH,A,1983,19.6,Colombia
COL,CPI,TOT,AGRWTH,A,1984,16.16,Colombia
COL,CPI,TOT,AGRWTH,A,1985,24.09,Colombia
COL,CPI,TOT,AGRWTH,A,1986,18.84,Colombia
COL,CPI,TOT,AGRWTH,A,1987,23.3,Colombia
COL,CPI,TOT,AGRWTH,A,1988,28.11,Colombia
COL,CPI,TOT,AGRWTH,A,1989,25.87,Colombia
COL,CPI,TOT,AGRWTH,A,1990,29.15,Colombia
COL,CPI,TOT,AGRWTH,A,1991,30.39,Colombia
COL,CPI,TOT,AGRWTH,A,1992,27.01,Colombia
COL,CPI,TOT,AGRWTH,A,1993,22.44,Colombia
COL,CPI,TOT,AGRWTH,A,1994,22.85,Colombia
COL,CPI,TOT,AGRWTH,A,1995,20.89,Colombia
COL,CPI,TOT,AGRWTH,A,1996,20.8,Colombia
COL,CPI,TOT,AGRWTH,A,1997,18.47,Colombia
COL,CPI,TOT,AGRWTH,A,1998,18.68,Colombia
COL,CPI,TOT,AGRWTH,A,1999,10.87,Colombia
COL,CPI,TOT,AGRWTH,A,2000,9.23,Colombia
COL,CPI,TOT,AGRWTH,A,2001,7.97,Colombia
COL,CPI,TOT,AGRWTH,A,2002,6.35,Colombia
COL,CPI,TOT,AGRWTH,A,2003,7.13,Colombia
COL,CPI,TOT,AGRWTH,A,2004,5.9,Colombia
COL,CPI,TOT,AGRWTH,A,2005,5.05,Colombia
COL,CPI,TOT,AGRWTH,A,2006,4.29,Colombia
COL,CPI,TOT,AGRWTH,A,2007,5.54,Colombia
COL,CPI,TOT,AGRWTH,A,2008,7.0,Colombia
COL,CPI,TOT,AGRWTH,A,2009,4.2,Colombia
COL,CPI,TOT,AGRWTH,A,2010,2.27,Colombia
COL,CPI,TOT,AGRWTH,A,2011,3.42,Colombia
COL,CPI,TOT,AGRWTH,A,2012,3.17,Colombia
COL,CPI,TOT,AGRWTH,A,2013,2.02,Colombia
COL,CPI,TOT,AGRWTH,A,2014,2.9,Colombia
COL,CPI,TOT,AGRWTH,A,2015,4.99,Colombia
COL,CPI,TOT,AGRWTH,A,2016,7.51,Colombia
COL,CPI,TOT,AGRWTH,A,2017,4.31,Colombia
COL,CPI,TOT,AGRWTH,A,2018,3.24,Colombia
COL,CPI,TOT,AGRWTH,A,2019,3.52,Colombia
COL,CPI,TOT,AGRWTH,A,2020,2.53,Colombia
COL,CPI,TOT,AGRWTH,A,2021,3.5,Colombia
LVA,CPI,TOT,AGRWTH,A,1994,35.92,Latvia
LVA,CPI,TOT,AGRWTH,A,1995,24.98,Latvia
LVA,CPI,TOT,AGRWTH,A,1996,17.61,Latvia
LVA,CPI,TOT,AGRWTH,A,1997,8.45,Latvia
LVA,CPI,TOT,AGRWTH,A,1998,4.64,Latvia
LVA,CPI,TOT,AGRWTH,A,1999,2.36,Latvia
LVA,CPI,TOT,AGRWTH,A,2000,2.65,Latvia
LVA,CPI,TOT,AGRWTH,A,2001,2.49,Latvia
LVA,CPI,TOT,AGRWTH,A,2002,1.94,Latvia
LVA,CPI,TOT,AGRWTH,A,2003,2.94,Latvia
LVA,CPI,TOT,AGRWTH,A,2004,6.19,Latvia
LVA,CPI,TOT,AGRWTH,A,2005,6.75,Latvia
LVA,CPI,TOT,AGRWTH,A,2006,6.54,Latvia
LVA,CPI,TOT,AGRWTH,A,2007,10.09,Latvia
LVA,CPI,TOT,AGRWTH,A,2008,15.4,Latvia
LVA,CPI,TOT,AGRWTH,A,2009,3.53,Latvia
LVA,CPI,TOT,AGRWTH,A,2010,-1.08,Latvia
LVA,CPI,TOT,AGRWTH,A,2011,4.37,Latvia
LVA,CPI,TOT,AGRWTH,A,2012,2.26,Latvia
LVA,CPI,TOT,AGRWTH,A,2013,-0.03,Latvia
LVA,CPI,TOT,AGRWTH,A,2014,0.62,Latvia
LVA,CPI,TOT,AGRWTH,A,2015,0.17,Latvia
LVA,CPI,TOT,AGRWTH,A,2016,0.14,Latvia
LVA,CPI,TOT,AGRWTH,A,2017,2.93,Latvia
LVA,CPI,TOT,AGRWTH,A,2018,2.53,Latvia
LVA,CPI,TOT,AGRWTH,A,2019,2.81,Latvia
LVA,CPI,TOT,AGRWTH,A,2020,0.22,Latvia
LVA,CPI,TOT,AGRWTH,A,2021,3.28,Latvia
SAU,CPI,TOT,AGRWTH,A,1996,1.22,Saudi Arabia
SAU,CPI,TOT,AGRWTH,A,1997,0.06,Saudi Arabia
SAU,CPI,TOT,AGRWTH,A,1998,-0.37,Saudi Arabia
SAU,CPI,TOT,AGRWTH,A,1999,-1.33,Saudi Arabia
SAU,CPI,TOT,AGRWTH,A,2000,-1.12,Saudi Arabia
SAU,CPI,TOT,AGRWTH,A,2001,-1.12,Saudi Arabia
SAU,CPI,TOT,AGRWTH,A,2002,0.25,Saudi Arabia
SAU,CPI,TOT,AGRWTH,A,2003,0.61,Saudi Arabia
SAU,CPI,TOT,AGRWTH,A,2004,0.52,Saudi Arabia
SAU,CPI,TOT,AGRWTH,A,2005,0.48,Saudi Arabia
SAU,CPI,TOT,AGRWTH,A,2006,2.21,Saudi Arabia
SAU,CPI,TOT,AGRWTH,A,2007,4.17,Saudi Arabia
SAU,CPI,TOT,AGRWTH,A,2008,9.87,Saudi Arabia
SAU,CPI,TOT,AGRWTH,A,2009,5.06,Saudi Arabia
SAU,CPI,TOT,AGRWTH,A,2010,5.34,Saudi Arabia
SAU,CPI,TOT,AGRWTH,A,2011,5.83,Saudi Arabia
SAU,CPI,TOT,AGRWTH,A,2012,2.87,Saudi Arabia
SAU,CPI,TOT,AGRWTH,A,2013,3.53,Saudi Arabia
SAU,CPI,TOT,AGRWTH,A,2014,2.24,Saudi Arabia
SAU,CPI,TOT,AGRWTH,A,2015,1.21,Saudi Arabia
SAU,CPI,TOT,AGRWTH,A,2016,2.07,Saudi Arabia
SAU,CPI,TOT,AGRWTH,A,2017,-0.84,Saudi Arabia
SAU,CPI,TOT,AGRWTH,A,2018,2.46,Saudi Arabia
SAU,CPI,TOT,AGRWTH,A,2019,-2.09,Saudi Arabia
SAU,CPI,TOT,AGRWTH,A,2020,3.45,Saudi Arabia
SAU,CPI,TOT,AGRWTH,A,2021,3.06,Saudi Arabia
ARG,CPI,TOT,AGRWTH,A,2018,34.28,Argentina
ARG,CPI,TOT,AGRWTH,A,2019,53.55,Argentina
ARG,CPI,TOT,AGRWTH,A,2020,42.02,Argentina
ARG,CPI,TOT,AGRWTH,A,2021,48.41,Argentina
LTU,CPI,TOT,AGRWTH,A,1994,72.25,Lithuania
LTU,CPI,TOT,AGRWTH,A,1995,39.65,Lithuania
LTU,CPI,TOT,AGRWTH,A,1996,24.63,Lithuania
LTU,CPI,TOT,AGRWTH,A,1997,8.88,Lithuania
LTU,CPI,TOT,AGRWTH,A,1998,5.07,Lithuania
LTU,CPI,TOT,AGRWTH,A,1999,0.73,Lithuania
LTU,CPI,TOT,AGRWTH,A,2000,0.98,Lithuania
LTU,CPI,TOT,AGRWTH,A,2001,1.37,Lithuania
LTU,CPI,TOT,AGRWTH,A,2002,0.28,Lithuania
LTU,CPI,TOT,AGRWTH,A,2003,-1.13,Lithuania
LTU,CPI,TOT,AGRWTH,A,2004,1.16,Lithuania
LTU,CPI,TOT,AGRWTH,A,2005,2.66,Lithuania
LTU,CPI,TOT,AGRWTH,A,2006,3.74,Lithuania
LTU,CPI,TOT,AGRWTH,A,2007,5.74,Lithuania
LTU,CPI,TOT,AGRWTH,A,2008,10.93,Lithuania
LTU,CPI,TOT,AGRWTH,A,2009,4.45,Lithuania
LTU,CPI,TOT,AGRWTH,A,2010,1.32,Lithuania
LTU,CPI,TOT,AGRWTH,A,2011,4.13,Lithuania
LTU,CPI,TOT,AGRWTH,A,2012,3.09,Lithuania
LTU,CPI,TOT,AGRWTH,A,2013,1.05,Lithuania
LTU,CPI,TOT,AGRWTH,A,2014,0.1,Lithuania
LTU,CPI,TOT,AGRWTH,A,2015,-0.88,Lithuania
LTU,CPI,TOT,AGRWTH,A,2016,0.91,Lithuania
LTU,CPI,TOT,AGRWTH,A,2017,3.72,Lithuania
LTU,CPI,TOT,AGRWTH,A,2018,2.7,Lithuania
LTU,CPI,TOT,AGRWTH,A,2019,2.33,Lithuania
LTU,CPI,TOT,AGRWTH,A,2020,1.2,Lithuania
LTU,CPI,TOT,AGRWTH,A,2021,4.68,Lithuania
CRI,CPI,TOT,AGRWTH,A,1977,4.19,Costa Rica
CRI,CPI,TOT,AGRWTH,A,1978,6.01,Costa Rica
CRI,CPI,TOT,AGRWTH,A,1979,9.19,Costa Rica
CRI,CPI,TOT,AGRWTH,A,1980,18.14,Costa Rica
CRI,CPI,TOT,AGRWTH,A,1981,37.06,Costa Rica
CRI,CPI,TOT,AGRWTH,A,1982,90.12,Costa Rica
CRI,CPI,TOT,AGRWTH,A,1983,32.62,Costa Rica
CRI,CPI,TOT,AGRWTH,A,1984,11.95,Costa Rica
CRI,CPI,TOT,AGRWTH,A,1985,15.06,Costa Rica
CRI,CPI,TOT,AGRWTH,A,1986,11.84,Costa Rica
CRI,CPI,TOT,AGRWTH,A,1987,16.84,Costa Rica
CRI,CPI,TOT,AGRWTH,A,1988,20.83,Costa Rica
CRI,CPI,TOT,AGRWTH,A,1989,16.51,Costa Rica
CRI,CPI,TOT,AGRWTH,A,1990,19.04,Costa Rica
CRI,CPI,TOT,AGRWTH,A,1991,28.71,Costa Rica
CRI,CPI,TOT,AGRWTH,A,1992,21.79,Costa Rica
CRI,CPI,TOT,AGRWTH,A,1993,9.78,Costa Rica
CRI,CPI,TOT,AGRWTH,A,1994,13.53,Costa Rica
CRI,CPI,TOT,AGRWTH,A,1995,23.19,Costa Rica
CRI,CPI,TOT,AGRWTH,A,1996,17.51,Costa Rica
CRI,CPI,TOT,AGRWTH,A,1997,13.25,Costa Rica
CRI,CPI,TOT,AGRWTH,A,1998,11.66,Costa Rica
CRI,CPI,TOT,AGRWTH,A,1999,10.05,Costa Rica
CRI,CPI,TOT,AGRWTH,A,2000,10.96,Costa Rica
CRI,CPI,TOT,AGRWTH,A,2001,11.26,Costa Rica
CRI,CPI,TOT,AGRWTH,A,2002,9.17,Costa Rica
CRI,CPI,TOT,AGRWTH,A,2003,9.45,Costa Rica
CRI,CPI,TOT,AGRWTH,A,2004,12.31,Costa Rica
CRI,CPI,TOT,AGRWTH,A,2005,13.8,Costa Rica
CRI,CPI,TOT,AGRWTH,A,2006,11.47,Costa Rica
CRI,CPI,TOT,AGRWTH,A,2007,9.36,Costa Rica
CRI,CPI,TOT,AGRWTH,A,2008,13.42,Costa Rica
CRI,CPI,TOT,AGRWTH,A,2009,7.84,Costa Rica
CRI,CPI,TOT,AGRWTH,A,2010,5.66,Costa Rica
CRI,CPI,TOT,AGRWTH,A,2011,4.88,Costa Rica
CRI,CPI,TOT,AGRWTH,A,2012,4.5,Costa Rica
CRI,CPI,TOT,AGRWTH,A,2013,5.23,Costa Rica
CRI,CPI,TOT,AGRWTH,A,2014,4.52,Costa Rica
CRI,CPI,TOT,AGRWTH,A,2015,0.8,Costa Rica
CRI,CPI,TOT,AGRWTH,A,2016,-0.02,Costa Rica
CRI,CPI,TOT,AGRWTH,A,2017,1.63,Costa Rica
CRI,CPI,TOT,AGRWTH,A,2018,2.22,Costa Rica
CRI,CPI,TOT,AGRWTH,A,2019,2.1,Costa Rica
CRI,CPI,TOT,AGRWTH,A,2020,0.72,Costa Rica
CRI,CPI,TOT,AGRWTH,A,2021,1.73,Costa Rica
